Time,Heat,DrySoil,DryAir,Wind,RainRelief,InstantRisk,DrynessInput,CarryoverRisk,CombinedRisk,FinalWildfireRiskIndex,FinalWildfireRiskBand,PreviousRiskIndex,PreviousRiskBand,RiskChangeValue,RiskChange,BandChange,Trend
2026-07-01 00:00:00,0.14733333333333334,0.17198333333333338,0.19999999999999996,0.25,0.0,0.16613166666666668,0.13545833333333335,0.13545833333333335,0.00511964149982639,0.0,Low,,,,No previous row yet,Starting at Low,Building trend
2026-07-01 01:00:00,0.06133333333333333,0.17654999999999987,0.19999999999999996,0.25,0.0,0.1321883333333333,0.1205416666666666,0.13172916666666667,0.003961470920920138,0.0,Low,0.0,Low,0.0,Risk stayed the same,Band stayed at Low,Building trend
2026-07-01 02:00:00,0.1406666666666667,0.18181666666666674,0.19999999999999996,0.25,0.0,0.16444833333333336,0.1390416666666667,0.1335572916666667,0.004996644839344619,0.0,Low,0.0,Low,0.0,Risk stayed the same,Band stayed at Low,Building trend
2026-07-01 03:00:00,0.03999999999999997,0.1861666666666667,0.19999999999999996,0.25,0.0,0.12461666666666665,0.12108333333333335,0.13043880208333336,0.003697978083713108,0.0,Low,0.0,Low,0.0,Risk stayed the same,Band stayed at Low,Stable
2026-07-01 04:00:00,0.022999999999999982,0.19038333333333335,0.19999999999999996,0.25,0.0,0.11823833333333332,0.11979166666666666,0.12777701822916668,0.0034371022307712134,0.0,Low,0.0,Low,0.0,Risk stayed the same,Band stayed at Low,Stable
2026-07-01 05:00:00,0.08200000000000003,0.19511666666666672,0.19999999999999996,0.25,0.0,0.14231166666666667,0.13395833333333337,0.12932234700520837,0.004186927913249038,0.0,Low,0.0,Low,0.0,Risk stayed the same,Band stayed at Low,Stable
2026-07-01 06:00:00,0.11300000000000002,0.20013333333333339,0.19999999999999996,0.25,0.0,0.15521333333333334,0.1426666666666667,0.13265842692057295,0.004684306134939916,0.0,Low,0.0,Low,0.0,Risk stayed the same,Band stayed at Low,Stable
2026-07-01 07:00:00,0.19766666666666666,0.20591666666666664,0.19999999999999996,0.25,0.0,0.18965833333333332,0.16249166666666665,0.14011673685709636,0.0060456547934560345,0.0,Low,0.0,Low,0.0,Risk stayed the same,Band stayed at Low,Stable
2026-07-01 08:00:00,0.19466666666666665,0.21166666666666667,0.19999999999999996,0.25,0.0,0.18903333333333333,0.16476666666666664,0.14627921930948892,0.006290750016339513,0.0,Low,0.0,Low,0.0,Risk stayed the same,Band stayed at Low,Stable
2026-07-01 09:00:00,0.273,0.21811666666666663,0.19999999999999996,0.25,0.0,0.22101166666666666,0.1836583333333333,0.15562399781545,0.007824798602193823,0.0,Low,0.0,Low,0.0,Risk stayed the same,Band stayed at Low,Stable
2026-07-01 10:00:00,0.3746666666666666,0.22549999999999992,0.19999999999999996,0.25,0.0,0.26241666666666663,0.20768333333333328,0.16863883169492083,0.010067703119096834,0.0,Low,0.0,Low,0.0,Risk stayed the same,Band stayed at Low,Stable
2026-07-01 11:00:00,0.3503333333333334,0.23265000000000002,0.19999999999999996,0.25,0.0,0.25339833333333334,0.20639166666666667,0.1780770404378573,0.010265806744803983,0.0,Low,0.0,Low,0.0,Risk stayed the same,Band stayed at Low,Stable
2026-07-01 12:00:00,0.4726666666666667,0.2408999999999999,0.19999999999999996,0.25,0.0,0.3031566666666667,0.2349833333333333,0.1923036136617263,0.013262822870033875,0.1564764861607948,Low,0.0,Low,0.1564764861607948,Risk increased,Band stayed at Low,Rising
2026-07-01 13:00:00,0.4003333333333334,0.24850000000000005,0.19999999999999996,0.25,0.0,0.27498333333333336,0.2243166666666667,0.2003068769129614,0.012530939489958854,0.006346562042841777,Low,0.1564764861607948,Low,-0.150129924117953,Risk decreased,Band stayed at Low,Stable
2026-07-01 14:00:00,0.46199999999999997,0.2566666666666667,0.19999999999999996,0.25,0.0,0.30046666666666666,0.24073333333333333,0.21041349101805437,0.014383059660945293,0.3862686483990344,Low,0.006346562042841777,Low,0.3799220863561926,Risk increased,Band stayed at Low,Rising
2026-07-01 15:00:00,0.41866666666666663,0.2644333333333333,0.19999999999999996,0.25,0.0,0.28390999999999994,0.23594999999999997,0.21679761826354077,0.01400285518477342,0.3082779866201886,Low,0.3862686483990344,Low,-0.07799066177884578,Risk decreased,Band stayed at Low,Rising
2026-07-01 16:00:00,0.47633333333333333,0.2727166666666666,0.19999999999999996,0.25,0.0,0.307805,0.251625,0.2255044636976556,0.015791093829523938,0.6750961701587564,Low,0.3082779866201886,Low,0.3668181835385678,Risk increased,Band stayed at Low,Rising
2026-07-01 17:00:00,0.37000000000000005,0.2800499999999999,0.19999999999999996,0.25,0.0,0.266005,0.23402499999999996,0.2276345977732417,0.013775566618602688,0.26165469099542293,Low,0.6750961701587564,Low,-0.4134414791633335,Risk decreased,Band stayed at Low,Falling
2026-07-01 18:00:00,0.3823333333333333,0.2874833333333333,0.19999999999999996,0.25,0.0,0.27168166666666665,0.24020833333333333,0.2307780316632646,0.014263831461954734,0.36181158193943247,Low,0.26165469099542293,Low,0.10015689094400954,Risk increased,Band stayed at Low,Falling
2026-07-01 19:00:00,0.3746666666666666,0.2948666666666666,0.19999999999999996,0.25,0.0,0.2693533333333333,0.24236666666666662,0.2336751904141151,0.014319121056090593,0.3731530371467881,Low,0.36181158193943247,Low,0.011341455207355633,Risk stayed the same,Band stayed at Low,Falling
2026-07-01 20:00:00,0.287,0.30145,0.19999999999999996,0.25,0.0,0.23494499999999996,0.228125,0.23228764281058634,0.012415771604630301,0.0,Low,0.3731530371467881,Low,-0.3731530371467881,Risk decreased,Band stayed at Low,Falling
2026-07-01 21:00:00,0.21866666666666662,0.3074166666666668,0.19999999999999996,0.25,0.0,0.20820833333333333,0.2174416666666667,0.2285761487746064,0.010827056917065671,0.0,Low,0.0,Low,0.0,Risk stayed the same,Band stayed at Low,Falling
2026-07-01 22:00:00,0.17466666666666666,0.3129833333333333,0.19999999999999996,0.25,0.0,0.19116499999999997,0.21142499999999997,0.2242883615809548,0.009754309255969283,0.0,Low,0.0,Low,0.0,Risk stayed the same,Band stayed at Low,Falling
2026-07-01 23:00:00,0.18999999999999997,0.3187000000000001,0.19999999999999996,0.25,0.0,0.19787,0.21735000000000004,0.22255377118571612,0.010018352595277764,0.0,Low,0.0,Low,0.0,Risk stayed the same,Band stayed at Low,Stable
2026-07-02 00:00:00,0.11566666666666668,0.3237333333333333,0.19999999999999996,0.25,0.0,0.16864,0.205,0.21816532838928707,0.00837004372285203,0.0,Low,0.0,Low,0.0,Risk stayed the same,Band stayed at Low,Stable
2026-07-02 01:00:00,0.13233333333333336,0.3289333333333334,0.19999999999999996,0.25,0.0,0.1758266666666667,0.21093333333333336,0.21635732962529863,0.008654415787498733,0.0,Low,0.0,Low,0.0,Risk stayed the same,Band stayed at Low,Stable
2026-07-02 02:00:00,0.032666666666666684,0.3332166666666666,0.19999999999999996,0.25,0.0,0.13638833333333333,0.19314166666666663,0.21055341388564064,0.006533124142432626,0.0,Low,0.0,Low,0.0,Risk stayed the same,Band stayed at Low,Stable
2026-07-02 03:00:00,0.13833333333333334,0.3384666666666667,0.19999999999999996,0.25,0.0,0.17918,0.2169,0.21214006041423047,0.008647560745692463,0.0,Low,0.0,Low,0.0,Risk stayed the same,Band stayed at Low,Stable
2026-07-02 04:00:00,0.09100000000000001,0.3432833333333334,0.19999999999999996,0.25,0.0,0.16072833333333336,0.20984166666666668,0.21156546197733953,0.007736038331502047,0.0,Low,0.0,Low,0.0,Risk stayed the same,Band stayed at Low,Stable
2026-07-02 05:00:00,0.09166666666666666,0.34811666666666663,0.19999999999999996,0.25,0.0,0.16147833333333333,0.21239166666666665,0.2117720131496713,0.007779724618587211,0.0,Low,0.0,Low,0.0,Risk stayed the same,Band stayed at Low,Stable
2026-07-02 06:00:00,0.1016666666666667,0.35301666666666653,0.19999999999999996,0.25,0.0,0.16596833333333333,0.2168416666666666,0.21303942652892013,0.008043899171329383,0.0,Low,0.0,Low,0.0,Risk stayed the same,Band stayed at Low,Stable
2026-07-02 07:00:00,0.18933333333333333,0.35873333333333335,0.19999999999999996,0.25,0.0,0.20160666666666666,0.23723333333333332,0.21908790323002342,0.01004857987706169,0.0,Low,0.0,Low,0.0,Risk stayed the same,Band stayed at Low,Stable
2026-07-02 08:00:00,0.18633333333333332,0.36439999999999995,0.19999999999999996,0.25,0.0,0.20097333333333328,0.23946666666666663,0.2241825940891842,0.01024994953014236,0.0,Low,0.0,Low,0.0,Risk stayed the same,Band stayed at Low,Stable
2026-07-02 09:00:00,0.2486666666666667,0.3706499999999999,0.19999999999999996,0.25,0.0,0.2265316666666667,0.25505833333333333,0.23190152890022148,0.01195126656458174,0.0,Low,0.0,Low,0.0,Risk stayed the same,Band stayed at Low,Stable
2026-07-02 10:00:00,0.33599999999999997,0.3776666666666667,0.19999999999999996,0.25,0.0,0.26216666666666666,0.27603333333333335,0.24293448000849943,0.01448932094660693,0.40806583520142137,Low,0.0,Low,0.40806583520142137,Risk increased,Band stayed at Low,Rising
2026-07-02 11:00:00,0.31099999999999994,0.3844666666666666,0.19999999999999996,0.25,0.0,0.2528466666666666,0.2744333333333333,0.2508091933397079,0.0144272010849559,0.39532329947813327,Low,0.40806583520142137,Low,-0.012742535723288095,Risk stayed the same,Band stayed at Low,Rising
2026-07-02 12:00:00,0.441,0.3924333333333334,0.19999999999999996,0.25,0.0,0.3056433333333333,0.3044166666666667,0.26421106167144764,0.018371614532362034,1.2044337502281093,Low,0.39532329947813327,Low,0.809110450749976,Risk increased,Band stayed at Low,Rising
2026-07-02 13:00:00,0.3936666666666666,0.39998333333333336,0.19999999999999996,0.25,0.0,0.28746499999999997,0.298725,0.27283954625358575,0.01784323908726155,1.0960490435408303,Low,1.2044337502281093,Low,-0.10838470668727895,Risk decreased,Band stayed at Low,Rising
2026-07-02 14:00:00,0.40499999999999997,0.40761666666666674,0.19999999999999996,0.25,0.0,0.29276166666666664,0.3048083333333334,0.28083174302352265,0.018704314979457272,1.2726799957861068,Low,1.0960490435408303,Low,0.17663095224527647,Risk increased,Band stayed at Low,Rising
2026-07-02 15:00:00,0.5079999999999999,0.4162,0.19999999999999996,0.25,0.0,0.33481999999999995,0.3297,0.293048807267642,0.02232198187522755,2.0147655128671897,Low,1.2726799957861068,Low,0.742085517081083,Risk increased,Band stayed at Low,Rising
2026-07-02 16:00:00,0.44766666666666666,0.4242166666666666,0.19999999999999996,0.25,0.0,0.3114883333333333,0.32164166666666666,0.3001970221173981,0.021273040445697524,1.7995980401430818,Low,2.0147655128671897,Low,-0.21516747272410797,Risk decreased,Band stayed at Low,Rising
2026-07-02 17:00:00,0.45666666666666667,0.43233333333333335,0.19999999999999996,0.25,0.0,0.3159,0.3275,0.3070227665880486,0.02206488192207494,1.962027060938449,Low,1.7995980401430818,Low,0.16242902079536714,Risk increased,Band stayed at Low,Rising
2026-07-02 18:00:00,0.43599999999999994,0.4402499999999999,0.19999999999999996,0.25,0.0,0.30842499999999995,0.327325,0.31209832494103645,0.021898905635411157,1.9279806431612627,Low,1.962027060938449,Low,-0.0340464177771862,Risk stayed the same,Band stayed at Low,Stable
2026-07-02 19:00:00,0.37166666666666665,0.4475999999999999,0.19999999999999996,0.25,0.0,0.28342666666666666,0.31813333333333327,0.3136070770391106,0.0202212484310818,1.5838458320167792,Low,1.9279806431612627,Low,-0.3441348111444835,Risk decreased,Band stayed at Low,Falling
2026-07-02 20:00:00,0.272,0.45404999999999995,0.19999999999999996,0.25,0.0,0.244205,0.301425,0.310561557779333,0.01725375588698171,0.9751294127141965,Low,1.5838458320167792,Low,-0.6087164193025827,Risk decreased,Band stayed at Low,Falling
2026-07-02 21:00:00,0.26099999999999995,0.46040000000000003,0.19999999999999996,0.25,0.0,0.24044,0.3024,0.3085211683344997,0.016876138760013967,0.8976694892336341,Low,0.9751294127141965,Low,-0.07745992348056241,Risk decreased,Band stayed at Low,Falling
2026-07-02 22:00:00,0.19433333333333333,0.46615000000000006,0.19999999999999996,0.25,0.0,0.2143483333333333,0.2919416666666667,0.3043762929175415,0.014842680373669665,0.48054982023993115,Low,0.8976694892336341,Low,-0.41711966899370295,Risk decreased,Band stayed at Low,Falling
2026-07-02 23:00:00,0.11833333333333336,0.47121666666666673,0.19999999999999996,0.25,0.0,0.18445499999999998,0.27927500000000005,0.29810096968815614,0.01250936376777106,0.0019207728761145876,Low,0.48054982023993115,Low,-0.47862904736381656,Risk decreased,Band stayed at Low,Falling
2026-07-03 00:00:00,0.11066666666666668,0.47621666666666673,0.19999999999999996,0.25,0.0,0.18188833333333332,0.2802416666666667,0.2936361439327838,0.012150544957997087,0.0,Low,0.0019207728761145876,Low,-0.0019207728761145876,Risk stayed the same,Band stayed at Low,Falling
2026-07-03 01:00:00,0.10466666666666669,0.48114999999999997,0.19999999999999996,0.25,0.0,0.17998166666666665,0.28150833333333336,0.2906041912829212,0.011899029571387812,0.0,Low,0.0,Low,0.0,Risk stayed the same,Band stayed at Low,Falling
2026-07-03 02:00:00,0.08099999999999999,0.48588333333333333,0.19999999999999996,0.25,0.0,0.17098833333333333,0.2791416666666667,0.28773856012885757,0.011192985629317871,0.0,Low,0.0,Low,0.0,Risk stayed the same,Band stayed at Low,Stable
2026-07-03 03:00:00,0.07966666666666669,0.49060000000000004,0.19999999999999996,0.25,0.0,0.17092666666666667,0.2812333333333334,0.28611225342997654,0.011125708632964939,0.0,Low,0.0,Low,0.0,Risk stayed the same,Band stayed at Low,Stable
2026-07-03 04:00:00,0.024666666666666674,0.4948166666666667,0.19999999999999996,0.25,0.0,0.14934833333333336,0.2723416666666667,0.2826696067391491,0.009604193382984358,0.0,Low,0.0,Low,0.0,Risk stayed the same,Band stayed at Low,Stable
2026-07-03 05:00:00,0.11166666666666665,0.4998166666666667,0.19999999999999996,0.25,0.0,0.1846483333333333,0.2922416666666667,0.2850626217210285,0.011974766894185177,0.0,Low,0.0,Low,0.0,Risk stayed the same,Band stayed at Low,Stable
2026-07-03 06:00:00,0.07299999999999998,0.5044833333333334,0.19999999999999996,0.25,0.0,0.16964833333333335,0.2868416666666667,0.28550738295743805,0.011019156255628226,0.0,Low,0.0,Low,0.0,Risk stayed the same,Band stayed at Low,Stable
2026-07-03 07:00:00,0.21566666666666662,0.5104166666666667,0.19999999999999996,0.25,0.0,0.22730833333333333,0.31834166666666674,0.29371595388474525,0.015188829098841495,0.551554686941845,Low,0.0,Low,0.551554686941845,Risk increased,Band stayed at Low,Rising
2026-07-03 08:00:00,0.23599999999999993,0.5165500000000001,0.19999999999999996,0.25,0.0,0.23605499999999996,0.32547500000000007,0.30165571541355896,0.01619966982769309,0.7589066313216596,Low,0.551554686941845,Low,0.20735194437981463,Risk increased,Band stayed at Low,Rising
2026-07-03 09:00:00,0.27699999999999997,0.5230333333333332,0.19999999999999996,0.25,0.0,0.2531033333333333,0.33691666666666664,0.3104709532268359,0.01787723054501238,1.1030216502589496,Low,0.7589066313216596,Low,0.34411501893729,Risk increased,Band stayed at Low,Rising
2026-07-03 10:00:00,0.2796666666666667,0.52955,0.19999999999999996,0.25,0.0,0.25482166666666667,0.34070833333333334,0.31803029825346024,0.01843682992320347,1.2178112662981475,Low,1.1030216502589496,Low,0.1147896160391979,Risk increased,Band stayed at Low,Rising
2026-07-03 11:00:00,0.30833333333333335,0.5363333333333333,0.19999999999999996,0.25,0.0,0.2669666666666667,0.34983333333333333,0.3259810570234285,0.019798432333229844,1.4971143247650962,Low,1.2178112662981475,Low,0.2793030584669487,Risk increased,Band stayed at Low,Rising
2026-07-03 12:00:00,0.44333333333333336,0.5443166666666666,0.19999999999999996,0.25,0.0,0.32176499999999997,0.38082499999999997,0.33969204276757137,0.024865979807101975,2.536611242482456,Low,1.4971143247650962,Low,1.0394969177173599,Risk increased,Band stayed at Low,Rising
2026-07-03 13:00:00,0.44333333333333336,0.5523166666666666,0.19999999999999996,0.25,0.0,0.322565,0.384825,0.3509752820756785,0.02575580777377363,2.719140056158693,Low,2.536611242482456,Low,0.18252881367623708,Risk increased,Band stayed at Low,Rising
2026-07-03 14:00:00,0.484,0.5606666666666666,0.19999999999999996,0.25,0.0,0.3396666666666666,0.39713333333333334,0.36251479489009225,0.028013028679469462,3.1821597291219406,Low,2.719140056158693,Low,0.4630196729632474,Risk increased,Band stayed at Low,Rising
2026-07-03 15:00:00,0.47300000000000003,0.5689166666666667,0.19999999999999996,0.25,0.0,0.3360916666666667,0.3990583333333334,0.3716506795009026,0.028416728406261086,3.2649699294894536,Low,3.1821597291219406,Low,0.08281020036751308,Risk increased,Band stayed at Low,Rising
2026-07-03 16:00:00,0.4106666666666667,0.5766166666666668,0.19999999999999996,0.25,0.0,0.3119283333333333,0.39044166666666674,0.37634842629234366,0.026707075250763542,2.91427184631047,Low,3.2649699294894536,Low,-0.35069808317898366,Risk decreased,Band stayed at Low,Falling
2026-07-03 17:00:00,0.48466666666666663,0.5849833333333334,0.19999999999999996,0.25,0.0,0.342365,0.40942500000000004,0.38461756971925776,0.02995710769345241,3.5809451678876734,Low,2.91427184631047,Low,0.6666733215772034,Risk increased,Band stayed at Low,Rising
2026-07-03 18:00:00,0.44466666666666665,0.5929833333333334,0.19999999999999996,0.25,0.0,0.327165,0.40542500000000004,0.3898194272894433,0.029014274591381783,3.387543505924468,Low,3.5809451678876734,Low,-0.1934016619632053,Risk decreased,Band stayed at Low,Rising
2026-07-03 19:00:00,0.3546666666666667,0.6001833333333333,0.19999999999999996,0.25,0.0,0.291885,0.391025,0.39012082046708246,0.025905519567662818,2.7498501677257057,Low,3.387543505924468,Low,-0.6376933381987624,Risk decreased,Band stayed at Low,Falling
2026-07-03 20:00:00,0.3133333333333333,0.607,0.19999999999999996,0.25,0.0,0.2760333333333333,0.38616666666666666,0.38913228201697847,0.02443656690765137,2.4485265451592553,Low,2.7498501677257057,Low,-0.3013236225664504,Risk decreased,Band stayed at Low,Falling
2026-07-03 21:00:00,0.25400000000000006,0.6132833333333334,0.19999999999999996,0.25,0.0,0.25292833333333337,0.37744166666666673,0.3862096281794005,0.022222963847789736,1.9944541226235355,Low,2.4485265451592553,Low,-0.4540724225357198,Risk decreased,Band stayed at Low,Falling
2026-07-03 22:00:00,0.209,0.6191666666666666,0.19999999999999996,0.25,0.0,0.23551666666666665,0.37138333333333334,0.38250305446788374,0.020494529596016477,1.6399035068751744,Low,1.9944541226235355,Low,-0.3545506157483611,Risk decreased,Band stayed at Low,Falling
2026-07-03 23:00:00,0.14433333333333334,0.6244666666666667,0.19999999999999996,0.25,0.0,0.21017999999999998,0.36110000000000003,0.3771522908509128,0.0180338950817127,1.135157965479528,Low,1.6399035068751744,Low,-0.5047455413956463,Risk decreased,Band stayed at Low,Falling
2026-07-04 00:00:00,0.14166666666666666,0.6297333333333333,0.19999999999999996,0.25,0.0,0.20964,0.36319999999999997,0.37366421813818457,0.01782120492208625,1.0915292147869233,Low,1.135157965479528,Low,-0.043628750692604745,Risk stayed the same,Band stayed at Low,Falling
2026-07-04 01:00:00,0.07633333333333331,0.6344166666666666,0.19999999999999996,0.25,0.0,0.183975,0.352475,0.3683669136036384,0.015417743916627182,0.5985115726414729,Low,1.0915292147869233,Low,-0.4930176421454504,Risk decreased,Band stayed at Low,Falling
2026-07-04 02:00:00,0.08066666666666666,0.63915,0.19999999999999996,0.25,0.0,0.18618166666666663,0.35570833333333335,0.3652022685360621,0.015468627498526837,0.6089492304670432,Low,0.5985115726414729,Low,0.010437657825570268,Risk stayed the same,Band stayed at Low,Falling
2026-07-04 03:00:00,0.08833333333333335,0.64395,0.19999999999999996,0.25,0.0,0.18972833333333333,0.3596416666666667,0.3638121180687132,0.015703293698739657,0.657085886920955,Low,0.6089492304670432,Low,0.04813665645391185,Risk stayed the same,Band stayed at Low,Falling
2026-07-04 04:00:00,0.09400000000000001,0.6487833333333333,0.19999999999999996,0.25,0.0,0.1924783333333333,0.36319166666666663,0.36365700521820155,0.01592411144628639,0.7023818351356698,Low,0.657085886920955,Low,0.04529594821471472,Risk stayed the same,Band stayed at Low,Rising
2026-07-04 05:00:00,0.08633333333333333,0.6535666666666666,0.19999999999999996,0.25,0.0,0.18989,0.36405,0.36375525391365116,0.015714217875188383,0.6593267436283861,Low,0.7023818351356698,Low,-0.043055091507283705,Risk stayed the same,Band stayed at Low,Stable
2026-07-04 06:00:00,0.1436666666666667,0.6588666666666667,0.19999999999999996,0.25,0.0,0.21335333333333334,0.3781666666666667,0.36735810710190503,0.017830784944066435,1.093494347500807,Low,0.6593267436283861,Low,0.4341676038724209,Risk increased,Band stayed at Low,Rising
2026-07-04 07:00:00,0.1423333333333333,0.6641333333333334,0.19999999999999996,0.25,0.0,0.21334666666666663,0.38053333333333333,0.37065191365976213,0.017990097187091887,1.1261737819675663,Low,1.093494347500807,Low,0.03267943446675936,Risk stayed the same,Band stayed at Low,Rising
2026-07-04 08:00:00,0.24200000000000005,0.6703166666666667,0.19999999999999996,0.25,0.0,0.2538316666666667,0.40355833333333335,0.3788785185781549,0.021878985727437635,1.923894508192335,Low,1.1261737819675663,Low,0.7977207262247688,Risk increased,Band stayed at Low,Rising
2026-07-04 09:00:00,0.24833333333333332,0.67655,0.19999999999999996,0.25,0.0,0.2569883333333333,0.40794166666666665,0.38614430560028284,0.022575867296340087,2.066844573608223,Low,1.923894508192335,Low,0.14295006541588773,Risk increased,Band stayed at Low,Rising
2026-07-04 10:00:00,0.2903333333333334,0.6831666666666667,0.19999999999999996,0.25,0.0,0.27445,0.4196500000000001,0.39452072920021214,0.0246328387143471,2.48878742858402,Low,2.066844573608223,Low,0.4219428549757973,Risk increased,Band stayed at Low,Rising
2026-07-04 11:00:00,0.319,0.6900333333333333,0.19999999999999996,0.25,0.0,0.2866033333333333,0.4288166666666667,0.40309471356682575,0.026282685646785178,2.827217568571318,Low,2.48878742858402,Low,0.338430139987298,Risk increased,Band stayed at Low,Rising
2026-07-04 12:00:00,0.5023333333333333,0.6985666666666667,0.19999999999999996,0.25,0.0,0.36078999999999994,0.46975,0.4197585351751193,0.03445366513357661,4.503315924836228,Low,2.827217568571318,Low,1.6760983562649097,Risk increased,Band stayed at Low,Rising
2026-07-04 13:00:00,0.431,0.7064333333333334,0.19999999999999996,0.25,0.0,0.3330433333333333,0.4594166666666667,0.4296730680480062,0.032555193312975995,4.113885807789948,Low,4.503315924836228,Low,-0.38943011704628017,Risk decreased,Band stayed at Low,Rising
2026-07-04 14:00:00,0.5026666666666666,0.7149666666666668,0.19999999999999996,0.25,0.0,0.3625633333333333,0.4780166666666667,0.44175896770267137,0.03643767487818932,4.910292282705502,Low,4.113885807789948,Low,0.7964064749155542,Risk increased,Band stayed at Low,Rising
2026-07-04 15:00:00,0.5296666666666667,0.7237333333333333,0.19999999999999996,0.25,0.0,0.37424,0.4878,0.4532692257770035,0.03859116057496377,5.352032938454107,Moderate,4.910292282705502,Low,0.441740655748605,Risk increased,Band changed from Low to Moderate,Rising
2026-07-04 16:00:00,0.4746666666666666,0.732,0.19999999999999996,0.25,0.0,0.35306666666666664,0.4809333333333333,0.460185252666086,0.0369633066548138,5.0181141856028315,Moderate,5.352032938454107,Moderate,-0.33391875285127526,Risk decreased,Band stayed at Moderate,Rising
2026-07-04 17:00:00,0.4293333333333333,0.7398666666666667,0.19999999999999996,0.25,0.0,0.33571999999999996,0.4758,0.46408893949956453,0.03544539606990059,4.70674791177448,Low,5.0181141856028315,Moderate,-0.3113662738283516,Risk decreased,Band changed from Moderate to Low,Falling
2026-07-04 18:00:00,0.35533333333333333,0.7470666666666667,0.19999999999999996,0.25,0.0,0.30684,0.4646,0.46421670462467335,0.032405157704700406,4.083109272759057,Low,4.70674791177448,Low,-0.6236386390154225,Risk decreased,Band stayed at Low,Falling
2026-07-04 19:00:00,0.34700000000000003,0.7541833333333333,0.19999999999999996,0.25,0.0,0.3042183333333333,0.4664916666666667,0.4647854451351717,0.03216764766592954,4.034389264806059,Low,4.083109272759057,Low,-0.04872000795299858,Risk stayed the same,Band stayed at Low,Falling
2026-07-04 20:00:00,0.3206666666666667,0.7610666666666667,0.19999999999999996,0.25,0.0,0.2943733333333333,0.4646666666666667,0.4647557505180454,0.031124661628476796,3.820443410969599,Low,4.034389264806059,Low,-0.21394585383646003,Risk decreased,Band stayed at Low,Falling
2026-07-04 21:00:00,0.2546666666666667,0.7673666666666668,0.19999999999999996,0.25,0.0,0.26860333333333336,0.4546166666666667,0.46222097955520075,0.028245056804766036,3.2297552420032893,Low,3.820443410969599,Low,-0.5906881689663095,Risk decreased,Band stayed at Low,Falling
2026-07-04 22:00:00,0.16633333333333333,0.7728666666666667,0.19999999999999996,0.25,0.0,0.23381999999999997,0.43970000000000004,0.45659073466640054,0.02428791036938124,2.4180328962833313,Low,3.2297552420032893,Low,-0.811722345719958,Risk decreased,Band stayed at Low,Falling
2026-07-04 23:00:00,0.184,0.7785166666666667,0.19999999999999996,0.25,0.0,0.24145166666666668,0.4460583333333334,0.4539576343331338,0.024936008234817765,2.550976048167746,Low,2.4180328962833313,Low,0.13294315188441486,Risk increased,Band stayed at Low,Falling
2026-07-05 00:00:00,0.11066666666666668,0.7835166666666666,0.19999999999999996,0.25,0.0,0.21261833333333335,0.4338916666666667,0.44894114241651706,0.021715584223369964,1.890376250947685,Low,2.550976048167746,Low,-0.6605997972200612,Risk decreased,Band stayed at Low,Falling
2026-07-05 01:00:00,0.09366666666666669,0.78835,0.19999999999999996,0.25,0.0,0.20630166666666666,0.43290833333333334,0.44493294014572116,0.020882317616833974,1.7194497675556866,Low,1.890376250947685,Low,-0.17092648339199834,Risk decreased,Band stayed at Low,Falling
2026-07-05 02:00:00,0.03466666666666664,0.7926666666666667,0.19999999999999996,0.25,0.0,0.18313333333333331,0.42326666666666674,0.43951637177595754,0.018311497344573085,1.192102019399607,Low,1.7194497675556866,Low,-0.5273477481560795,Risk decreased,Band stayed at Low,Falling
2026-07-05 03:00:00,0.07100000000000002,0.7973,0.19999999999999996,0.25,0.0,0.19813000000000003,0.43285,0.43784977883196813,0.019735892694694963,1.4842856809630691,Low,1.192102019399607,Low,0.2921836615634621,Risk increased,Band stayed at Low,Falling
2026-07-05 04:00:00,0.039,0.80165,0.19999999999999996,0.25,0.0,0.185765,0.428625,0.4355435841239761,0.018406741513339823,1.2116392847876558,Low,1.4842856809630691,Low,-0.2726463961754133,Risk decreased,Band stayed at Low,Falling
2026-07-05 05:00:00,0.08800000000000002,0.80645,0.19999999999999996,0.25,0.0,0.205845,0.440825,0.4368639380929821,0.0204582235441106,1.6324561116124308,Low,1.2116392847876558,Low,0.42081682682477495,Risk increased,Band stayed at Low,Rising
2026-07-05 06:00:00,0.10266666666666667,0.8113666666666667,0.19999999999999996,0.25,0.0,0.21220333333333335,0.4462166666666667,0.4392021202364032,0.021203035017080332,1.7852379522216064,Low,1.6324561116124308,Low,0.15278184060917566,Risk increased,Band stayed at Low,Rising
2026-07-05 07:00:00,0.17200000000000001,0.8169166666666666,0.19999999999999996,0.25,0.0,0.24049166666666666,0.4628583333333333,0.44511617351063576,0.0243531311723386,2.4314115225309942,Low,1.7852379522216064,Low,0.6461735703093878,Risk increased,Band stayed at Low,Rising
2026-07-05 08:00:00,0.23833333333333329,0.8230666666666666,0.19999999999999996,0.25,0.0,0.26764,0.47919999999999996,0.4536371301329768,0.027621102943249706,3.1017647063076312,Low,2.4314115225309942,Low,0.670353183776637,Risk increased,Band stayed at Low,Rising
2026-07-05 09:00:00,0.24033333333333337,0.8292333333333334,0.19999999999999996,0.25,0.0,0.26905666666666667,0.48268333333333335,0.4608986809330659,0.028211788778562997,3.222931031500101,Low,3.1017647063076312,Low,0.12116632519246995,Risk increased,Band stayed at Low,Rising
2026-07-05 10:00:00,0.34700000000000003,0.83635,0.19999999999999996,0.25,0.0,0.312435,0.507575,0.47256776069979944,0.03358962614149002,4.326077157228721,Low,3.222931031500101,Low,1.1031461257286201,Risk increased,Band stayed at Low,Rising
2026-07-05 11:00:00,0.388,0.8438333333333333,0.19999999999999996,0.25,0.0,0.32958333333333334,0.5195166666666666,0.48430498719151627,0.03631328883649222,4.884777197229173,Low,4.326077157228721,Low,0.5587000400004518,Risk increased,Band stayed at Low,Rising
2026-07-05 12:00:00,0.4266666666666667,0.8516833333333333,0.19999999999999996,0.25,0.0,0.345835,0.5311750000000001,0.4960224903936372,0.03902579088710201,5.441187874277334,Moderate,4.884777197229173,Low,0.5564106770481612,Risk increased,Band changed from Low to Moderate,Rising
2026-07-05 13:00:00,0.39866666666666667,0.8592666666666666,0.19999999999999996,0.25,0.0,0.3353933333333333,0.5293666666666667,0.5043585344618946,0.038483556490535906,5.329960305750955,Moderate,5.441187874277334,Moderate,-0.11122756852637927,Risk decreased,Band stayed at Moderate,Rising
2026-07-05 14:00:00,0.4746666666666666,0.8675333333333333,0.19999999999999996,0.25,0.0,0.36661999999999995,0.5487,0.5154439008464209,0.04299113976619161,6.254592772552124,Moderate,5.329960305750955,Moderate,0.9246324668011692,Risk increased,Band stayed at Moderate,Rising
2026-07-05 15:00:00,0.4066666666666666,0.8752,0.19999999999999996,0.25,0.0,0.34018666666666664,0.5389333333333334,0.521316258968149,0.04034595119498383,5.711989988714632,Moderate,6.254592772552124,Moderate,-0.5426027838374923,Risk decreased,Band stayed at Moderate,Stable
2026-07-05 16:00:00,0.49599999999999994,0.8836666666666666,0.19999999999999996,0.25,0.0,0.37676666666666664,0.5610333333333333,0.5312455275594451,0.04553540050153342,6.776492410570958,Moderate,5.711989988714632,Moderate,1.064502421856326,Risk increased,Band stayed at Moderate,Rising
2026-07-05 17:00:00,0.44299999999999995,0.89165,0.19999999999999996,0.25,0.0,0.356365,0.5544250000000001,0.5370403956695838,0.043539496137135,6.367076130694359,Moderate,6.776492410570958,Moderate,-0.40941627987659857,Risk decreased,Band stayed at Moderate,Rising
2026-07-05 18:00:00,0.4393333333333333,0.8996166666666666,0.19999999999999996,0.25,0.0,0.355695,0.557675,0.5421990467521879,0.043875078960103175,6.435913632841678,Moderate,6.367076130694359,Moderate,0.06883750214731865,Risk increased,Band stayed at Moderate,Rising
2026-07-05 19:00:00,0.3593333333333334,0.90685,0.19999999999999996,0.25,0.0,0.32441833333333336,0.5452916666666667,0.5429722017308076,0.04007415610649339,5.656237150049925,Moderate,6.435913632841678,Moderate,-0.7796764827917526,Risk decreased,Band stayed at Moderate,Falling
2026-07-05 20:00:00,0.30100000000000005,0.91355,0.19999999999999996,0.25,0.0,0.301755,0.536975,0.5414729012981057,0.03717171533785025,5.060864684687231,Moderate,5.656237150049925,Moderate,-0.5953724653626944,Risk decreased,Band stayed at Moderate,Falling
2026-07-05 21:00:00,0.309,0.9203333333333333,0.19999999999999996,0.25,0.0,0.3056333333333333,0.5419666666666667,0.5415963426402459,0.03765805123131881,5.160625893603859,Moderate,5.060864684687231,Moderate,0.09976120891662799,Risk increased,Band stayed at Moderate,Falling
2026-07-05 22:00:00,0.18966666666666665,0.9260333333333334,0.19999999999999996,0.25,0.0,0.25847,0.52095,0.5364347569801844,0.031543396347342025,3.906337712275287,Low,5.160625893603859,Moderate,-1.254288181328572,Risk decreased,Band changed from Moderate to Low,Falling
2026-07-05 23:00:00,0.15766666666666668,0.9314666666666667,0.19999999999999996,0.25,0.0,0.24621333333333334,0.5172666666666667,0.531642734401805,0.029779188024839982,3.5444488256082014,Low,3.906337712275287,Low,-0.3618888866670855,Risk decreased,Band stayed at Low,Falling
2026-07-06 00:00:00,0.11966666666666666,0.9365333333333333,0.19999999999999996,0.25,0.0,0.23152,0.5122,0.5267820508013538,0.027746032041347946,3.127391187968809,Low,3.5444488256082014,Low,-0.4170576376393922,Risk decreased,Band stayed at Low,Falling
2026-07-06 01:00:00,0.08166666666666664,0.9412666666666667,0.19999999999999996,0.25,0.0,0.21679333333333334,0.5069666666666667,0.521828204767682,0.025736819276107714,2.715244979714403,Low,3.127391187968809,Low,-0.41214620825440607,Risk decreased,Band stayed at Low,Falling
2026-07-06 02:00:00,0.11533333333333336,0.9463166666666667,0.19999999999999996,0.25,0.0,0.230765,0.516225,0.5204274035757614,0.027321937776351533,3.0403974925849298,Low,2.715244979714403,Low,0.3251525128705266,Risk increased,Band stayed at Low,Falling
2026-07-06 03:00:00,0.0,0.9501333333333334,0.19999999999999996,0.25,0.0,0.1850133333333333,0.4950666666666667,0.5140872193484878,0.021638205242228165,1.8745036394314183,Low,3.0403974925849298,Low,-1.1658938531535115,Risk decreased,Band stayed at Low,Falling
2026-07-06 04:00:00,0.089,0.9549333333333333,0.19999999999999996,0.25,0.0,0.2210933333333333,0.5152666666666667,0.5143820811780325,0.025872767132618876,2.743131719511564,Low,1.8745036394314183,Low,0.8686280800801458,Risk increased,Band stayed at Low,Rising
2026-07-06 05:00:00,0.08666666666666666,0.9597166666666667,0.19999999999999996,0.25,0.0,0.22063833333333333,0.5171916666666666,0.515084477550191,0.02585477909845396,2.73944186634953,Low,2.743131719511564,Low,-0.0036898531620339625,Risk stayed the same,Band stayed at Low,Rising
2026-07-06 06:00:00,0.13366666666666666,0.9649166666666666,0.19999999999999996,0.25,0.0,0.23995833333333333,0.5291916666666667,0.5186112748293099,0.028311259602970998,3.243335303173538,Low,2.73944186634953,Low,0.5038934368240078,Risk increased,Band stayed at Low,Rising
2026-07-06 07:00:00,0.148,0.9702500000000001,0.19999999999999996,0.25,0.0,0.24622499999999997,0.534725,0.5226397061219824,0.02927628377307386,3.4412889790920733,Low,3.243335303173538,Low,0.1979536759185354,Risk increased,Band stayed at Low,Rising
2026-07-06 08:00:00,0.1796666666666667,0.9758666666666667,0.19999999999999996,0.25,0.0,0.2594533333333333,0.5438666666666667,0.5279464462581535,0.03116237335647014,3.8281791500451563,Low,3.4412889790920733,Low,0.386890170953083,Risk increased,Band stayed at Low,Rising
2026-07-06 09:00:00,0.294,0.9825166666666667,0.19999999999999996,0.25,0.0,0.30585166666666663,0.5700583333333333,0.5384744180269484,0.037467725342981005,5.121584685739693,Moderate,3.8281791500451563,Low,1.2934055356945366,Risk increased,Band changed from Low to Moderate,Rising
2026-07-06 10:00:00,0.2603333333333333,0.98885,0.19999999999999996,0.25,0.0,0.2930183333333333,0.5664916666666667,0.545478730186878,0.03636252355830231,4.894876627344063,Low,5.121584685739693,Moderate,-0.22670805839563002,Risk decreased,Band changed from Moderate to Low,Rising
2026-07-06 11:00:00,0.4003333333333334,0.9964666666666666,0.19999999999999996,0.25,0.0,0.34978,0.5983,0.5586840476401584,0.04445725515676322,6.555334391130916,Moderate,4.894876627344063,Low,1.6604577637868534,Risk increased,Band changed from Low to Moderate,Rising
2026-07-06 12:00:00,0.3956666666666667,1.0,0.19999999999999996,0.25,0.0,0.34826666666666667,0.5991333333333334,0.5687963690634522,0.045066115518476696,6.680228824302913,Moderate,6.555334391130916,Moderate,0.12489443317199633,Risk increased,Band stayed at Moderate,Rising
2026-07-06 13:00:00,0.37000000000000005,1.0,0.19999999999999996,0.25,0.0,0.338,0.5940000000000001,0.5750972767975893,0.044222105099350636,6.50709848191808,Moderate,6.680228824302913,Moderate,-0.17313034238483294,Risk decreased,Band stayed at Moderate,Rising
2026-07-06 14:00:00,0.4596666666666666,1.0,0.19999999999999996,0.25,0.0,0.3738666666666666,0.6119333333333333,0.5843062909315253,0.049697976806417236,7.630354216700971,Moderate,6.50709848191808,Moderate,1.1232557347828909,Risk increased,Band stayed at Moderate,Rising
2026-07-06 15:00:00,0.4393333333333333,1.0,0.19999999999999996,0.25,0.0,0.3657333333333333,0.6078666666666667,0.5901963848653107,0.04910689673846159,7.50910702327417,Moderate,7.630354216700971,Moderate,-0.12124719342680024,Risk decreased,Band stayed at Moderate,Rising
2026-07-06 16:00:00,0.4296666666666667,1.0,0.19999999999999996,0.25,0.0,0.36186666666666667,0.6059333333333333,0.5941306219823164,0.048911605411153525,7.469047263826364,Moderate,7.50910702327417,Moderate,-0.040059759447806265,Risk stayed the same,Band stayed at Moderate,Rising
2026-07-06 17:00:00,0.466,1.0,0.19999999999999996,0.25,0.0,0.37639999999999996,0.6132,0.5988979664867373,0.051284231768225795,7.955739849892469,Moderate,7.469047263826364,Moderate,0.48669258606610466,Risk increased,Band stayed at Moderate,Rising
2026-07-06 18:00:00,0.41433333333333333,1.0,0.19999999999999996,0.25,0.0,0.35573333333333335,0.6028666666666667,0.5998901415317197,0.04854870922740106,7.394607021005344,Moderate,7.955739849892469,Moderate,-0.5611328288871249,Risk decreased,Band stayed at Moderate,Falling
2026-07-06 19:00:00,0.37433333333333335,1.0,0.19999999999999996,0.25,0.0,0.33973333333333333,0.5948666666666667,0.5986342728154564,0.04626804385639142,6.926778226952085,Moderate,7.394607021005344,Moderate,-0.4678287940532586,Risk decreased,Band stayed at Moderate,Falling
2026-07-06 20:00:00,0.3173333333333333,1.0,0.19999999999999996,0.25,0.0,0.3169333333333333,0.5834666666666667,0.594842371278259,0.042889522934695445,6.233748294296502,Moderate,6.926778226952085,Moderate,-0.6930299326555831,Risk decreased,Band stayed at Moderate,Falling
2026-07-06 21:00:00,0.27566666666666667,1.0,0.19999999999999996,0.25,0.0,0.3002666666666667,0.5751333333333334,0.5899151117920276,0.0402974945632546,5.702050166821456,Moderate,6.233748294296502,Moderate,-0.5316981274750461,Risk decreased,Band stayed at Moderate,Falling
2026-07-06 22:00:00,0.23466666666666663,1.0,0.19999999999999996,0.25,0.0,0.28386666666666666,0.5669333333333333,0.584169667177354,0.037725482383091126,5.1744579247366405,Moderate,5.702050166821456,Moderate,-0.5275922420848156,Risk decreased,Band stayed at Moderate,Falling
2026-07-06 23:00:00,0.15066666666666664,1.0,0.19999999999999996,0.25,0.0,0.25026666666666664,0.5501333333333334,0.5756605837163489,0.03277561910761279,4.159101355407752,Low,5.1744579247366405,Moderate,-1.0153565693288886,Risk decreased,Band changed from Moderate to Low,Falling
2026-07-07 00:00:00,0.08033333333333334,1.0,0.19999999999999996,0.25,0.0,0.22213333333333335,0.5360666666666667,0.5657621044539283,0.02859097653594742,3.300713135578958,Low,4.159101355407752,Low,-0.858388219828794,Risk decreased,Band stayed at Low,Falling
2026-07-07 01:00:00,0.08533333333333334,1.0,0.19999999999999996,0.25,0.0,0.22413333333333335,0.5370666666666667,0.5585882450071129,0.028482600808994358,3.278482217229612,Low,3.300713135578958,Low,-0.022230918349345874,Risk stayed the same,Band stayed at Low,Falling
2026-07-07 02:00:00,0.07133333333333335,1.0,0.19999999999999996,0.25,0.0,0.2185333333333333,0.5342666666666667,0.5525078504220013,0.02746866446086369,3.070495274023321,Low,3.278482217229612,Low,-0.20798694320629085,Risk decreased,Band stayed at Low,Falling
2026-07-07 03:00:00,0.11499999999999998,1.0,0.19999999999999996,0.25,0.0,0.236,0.543,0.550130887816501,0.02953652736686794,3.4946722803831665,Low,3.070495274023321,Low,0.42417700635984534,Risk increased,Band stayed at Low,Rising
2026-07-07 04:00:00,0.08800000000000002,1.0,0.19999999999999996,0.25,0.0,0.2252,0.5376000000000001,0.5469981658623757,0.028024357031627097,3.1844834936670963,Low,3.4946722803831665,Low,-0.3101887867160702,Risk decreased,Band stayed at Low,Falling
2026-07-07 05:00:00,0.09166666666666666,1.0,0.19999999999999996,0.25,0.0,0.22666666666666663,0.5383333333333333,0.5448319577301151,0.028095167953616263,3.1990088109982073,Low,3.1844834936670963,Low,0.014525317331111065,Risk stayed the same,Band stayed at Low,Falling
2026-07-07 06:00:00,0.17433333333333334,1.0,0.19999999999999996,0.25,0.0,0.2597333333333333,0.5548666666666667,0.547340634964253,0.03234199322628106,4.070152456673038,Low,3.1990088109982073,Low,0.8711436456748309,Risk increased,Band stayed at Low,Rising
2026-07-07 07:00:00,0.20566666666666672,1.0,0.19999999999999996,0.25,0.0,0.27226666666666666,0.5611333333333334,0.5507888095565231,0.034116226056470744,4.434097652609383,Low,4.070152456673038,Low,0.36394519593634467,Risk increased,Band stayed at Low,Rising
2026-07-07 08:00:00,0.2293333333333333,1.0,0.19999999999999996,0.25,0.0,0.28173333333333334,0.5658666666666667,0.5545582738340591,0.03554404285587813,4.7269831499237185,Low,4.434097652609383,Low,0.29288549731433555,Risk increased,Band stayed at Low,Rising
2026-07-07 09:00:00,0.30233333333333334,1.0,0.19999999999999996,0.25,0.0,0.31093333333333334,0.5804666666666667,0.561035372042211,0.039686146123940565,5.576645358757038,Moderate,4.7269831499237185,Low,0.8496622088333199,Risk increased,Band changed from Low to Moderate,Rising
2026-07-07 10:00:00,0.29333333333333333,1.0,0.19999999999999996,0.25,0.0,0.30733333333333335,0.5786666666666667,0.5654431956983249,0.03953484583790071,5.5456094026463,Moderate,5.576645358757038,Moderate,-0.031035956110738283,Risk stayed the same,Band stayed at Moderate,Rising
2026-07-07 11:00:00,0.34933333333333333,1.0,0.19999999999999996,0.25,0.0,0.3297333333333333,0.5898666666666667,0.5715490634404103,0.042874371961273416,6.2306404023124955,Moderate,5.5456094026463,Moderate,0.6850309996661954,Risk increased,Band stayed at Moderate,Rising
2026-07-07 12:00:00,0.3993333333333334,1.0,0.19999999999999996,0.25,0.0,0.34973333333333334,0.5998666666666667,0.5786284642469744,0.046038188005501024,6.879628308820723,Moderate,6.2306404023124955,Moderate,0.6489879065082276,Risk increased,Band stayed at Moderate,Rising
2026-07-07 13:00:00,0.4553333333333333,1.0,0.19999999999999996,0.25,0.0,0.3721333333333333,0.6110666666666666,0.5867380148518975,0.049673435916699926,7.625320188041011,Moderate,6.879628308820723,Moderate,0.7456918792202876,Risk increased,Band stayed at Moderate,Rising
2026-07-07 14:00:00,0.4323333333333333,1.0,0.19999999999999996,0.25,0.0,0.36293333333333333,0.6064666666666667,0.5916701778055897,0.04885262879426673,7.456949496259843,Moderate,7.625320188041011,Moderate,-0.1683706917811678,Risk decreased,Band stayed at Moderate,Rising
2026-07-07 15:00:00,0.3956666666666667,1.0,0.19999999999999996,0.25,0.0,0.34826666666666667,0.5991333333333334,0.5935359666875256,0.04702625033129711,7.082307760266073,Moderate,7.456949496259843,Moderate,-0.3746417359937695,Risk decreased,Band stayed at Moderate,Falling
2026-07-07 16:00:00,0.47300000000000003,1.0,0.19999999999999996,0.25,0.0,0.3792,0.6146,0.5988019750156441,0.05165744878064959,8.032297185774272,Moderate,7.082307760266073,Moderate,0.9499894255081989,Risk increased,Band stayed at Moderate,Rising
2026-07-07 17:00:00,0.39599999999999996,1.0,0.19999999999999996,0.25,0.0,0.34839999999999993,0.5992,0.598901481261733,0.047469530306286215,7.173236985904865,Moderate,8.032297185774272,Moderate,-0.8590601998694076,Risk decreased,Band stayed at Moderate,Falling
2026-07-07 18:00:00,0.4166666666666667,1.0,0.19999999999999996,0.25,0.0,0.3566666666666667,0.6033333333333334,0.6000094442796331,0.0486857663245899,7.422721297351775,Moderate,7.173236985904865,Moderate,0.24948431144691074,Risk increased,Band stayed at Moderate,Stable
2026-07-07 19:00:00,0.438,1.0,0.19999999999999996,0.25,0.0,0.36519999999999997,0.6076,0.6019070832097249,0.050008246194313564,7.693999219346371,Moderate,7.422721297351775,Moderate,0.27127792199459577,Risk increased,Band stayed at Moderate,Rising
2026-07-07 20:00:00,0.2913333333333333,1.0,0.19999999999999996,0.25,0.0,0.3065333333333333,0.5782666666666667,0.5959969790739603,0.04156264399836138,5.961567999663872,Moderate,7.693999219346371,Moderate,-1.732431219682499,Risk decreased,Band stayed at Moderate,Falling
2026-07-07 21:00:00,0.2603333333333333,1.0,0.19999999999999996,0.25,0.0,0.2941333333333333,0.5720666666666667,0.5900144009721369,0.03948101031251752,5.534566217952312,Moderate,5.961567999663872,Moderate,-0.4270017817115601,Risk decreased,Band stayed at Moderate,Falling
2026-07-07 22:00:00,0.22399999999999995,1.0,0.19999999999999996,0.25,0.0,0.27959999999999996,0.5648,0.5837108007291026,0.03712926032357748,5.052155963810765,Moderate,5.534566217952312,Moderate,-0.4824102541415467,Risk decreased,Band stayed at Moderate,Falling
2026-07-07 23:00:00,0.15833333333333333,1.0,0.19999999999999996,0.25,0.0,0.2533333333333333,0.5516666666666666,0.5756997672134937,0.033179496583737686,4.241948017176961,Low,5.052155963810765,Moderate,-0.8102079466338044,Risk decreased,Band changed from Moderate to Low,Falling
2026-07-08 00:00:00,0.12066666666666664,1.0,0.19999999999999996,0.25,0.0,0.23826666666666663,0.5441333333333334,0.5678081587434536,0.03077841978346139,3.749419442761311,Low,4.241948017176961,Low,-0.49252857441565023,Risk decreased,Band stayed at Low,Falling
2026-07-08 01:00:00,0.04600000000000003,1.0,0.19999999999999996,0.25,0.0,0.20840000000000003,0.5292,0.5581561190575902,0.02646273976063941,2.864151745772187,Low,3.749419442761311,Low,-0.885267696989124,Risk decreased,Band stayed at Low,Falling
2026-07-08 02:00:00,0.027000000000000017,1.0,0.19999999999999996,0.25,0.0,0.20079999999999998,0.5254,0.5499670892931926,0.02512359657309162,2.589455707300845,Low,2.864151745772187,Low,-0.2746960384713417,Risk decreased,Band stayed at Low,Falling
2026-07-08 03:00:00,0.08166666666666664,1.0,0.19999999999999996,0.25,0.0,0.22266666666666662,0.5363333333333333,0.5465586503032278,0.027686839362193835,3.1152490999371967,Low,2.589455707300845,Low,0.5257933926363516,Risk increased,Band stayed at Low,Stable
2026-07-08 04:00:00,0.13266666666666668,1.0,0.19999999999999996,0.25,0.0,0.24306666666666665,0.5465333333333333,0.5465523210607541,0.030223068065910557,3.635501141725242,Low,3.1152490999371967,Low,0.5202520417880452,Risk increased,Band stayed at Low,Rising
2026-07-08 05:00:00,0.0733333333333333,1.0,0.19999999999999996,0.25,0.0,0.21933333333333332,0.5346666666666666,0.5435809074622322,0.027123781314186284,2.999750013166417,Low,3.635501141725242,Low,-0.6357511285588249,Risk decreased,Band stayed at Low,Falling
2026-07-08 06:00:00,0.133,1.0,0.19999999999999996,0.25,0.0,0.24319999999999997,0.5466,0.5443356805966741,0.030117004536052785,3.6137445202159557,Low,2.999750013166417,Low,0.6139945070495387,Risk increased,Band stayed at Low,Rising
2026-07-08 07:00:00,0.16066666666666668,1.0,0.19999999999999996,0.25,0.0,0.25426666666666664,0.5521333333333334,0.546285093780839,0.03160022543981515,3.9179949620133643,Low,3.6137445202159557,Low,0.30425044179740857,Risk increased,Band stayed at Low,Rising
2026-07-08 08:00:00,0.1873333333333333,1.0,0.19999999999999996,0.25,0.0,0.2649333333333333,0.5574666666666667,0.549080487002296,0.03309436213943138,4.224484541421821,Low,3.9179949620133643,Low,0.30648957940845634,Risk increased,Band stayed at Low,Rising
2026-07-08 09:00:00,0.294,1.0,0.19999999999999996,0.25,0.0,0.3076,0.5788,0.556510365251722,0.038944038849950256,5.424418225630822,Moderate,4.224484541421821,Low,1.1999336842090012,Risk increased,Band changed from Low to Moderate,Rising
2026-07-08 10:00:00,0.3076666666666667,1.0,0.19999999999999996,0.25,0.0,0.31306666666666666,0.5815333333333333,0.5627661072721248,0.04008170286954012,5.657785204008229,Moderate,5.424418225630822,Moderate,0.23336697837740683,Risk increased,Band stayed at Moderate,Rising
2026-07-08 11:00:00,0.37733333333333335,1.0,0.19999999999999996,0.25,0.0,0.3409333333333333,0.5954666666666667,0.5709412471207603,0.044283535322929446,6.519699553421425,Moderate,5.657785204008229,Moderate,0.8619143494131967,Risk increased,Band stayed at Moderate,Rising
2026-07-08 12:00:00,0.4193333333333333,1.0,0.19999999999999996,0.25,0.0,0.3577333333333333,0.6038666666666667,0.579172602007237,0.04713557609929097,7.104733558828916,Moderate,6.519699553421425,Moderate,0.5850340054074907,Risk increased,Band stayed at Moderate,Rising
2026-07-08 13:00:00,0.4986666666666667,1.0,0.19999999999999996,0.25,0.0,0.3894666666666666,0.6197333333333334,0.589312784838761,0.05221527355025863,8.14672277954023,Moderate,7.104733558828916,Moderate,1.0419892207113142,Risk increased,Band stayed at Moderate,Rising
2026-07-08 14:00:00,0.47433333333333333,1.0,0.19999999999999996,0.25,0.0,0.3797333333333333,0.6148666666666667,0.5957012552957375,0.05146223431082856,7.992253191964832,Moderate,8.14672277954023,Moderate,-0.15446958757539786,Risk decreased,Band stayed at Moderate,Rising
2026-07-08 15:00:00,0.46766666666666673,1.0,0.19999999999999996,0.25,0.0,0.37706666666666666,0.6135333333333334,0.6001592748051364,0.05148326301751741,7.9965667728240835,Moderate,7.992253191964832,Moderate,0.004313580859251154,Risk stayed the same,Band stayed at Moderate,Rising
2026-07-08 16:00:00,0.4896666666666667,1.0,0.19999999999999996,0.25,0.0,0.3858666666666667,0.6179333333333333,0.6046027894371856,0.05307485433648019,8.32304704338055,Moderate,7.9965667728240835,Moderate,0.3264802705564662,Risk increased,Band stayed at Moderate,Rising
2026-07-08 17:00:00,0.4616666666666667,1.0,0.19999999999999996,0.25,0.0,0.3746666666666667,0.6123333333333334,0.6065354254112225,0.05169905787730124,8.040832385087434,Moderate,8.32304704338055,Moderate,-0.28221465829311576,Risk decreased,Band stayed at Moderate,Falling
2026-07-08 18:00:00,0.421,1.0,0.19999999999999996,0.25,0.0,0.35839999999999994,0.6042000000000001,0.605951569058417,0.04940686713474708,7.570639412255812,Moderate,8.040832385087434,Moderate,-0.4701929728316223,Risk decreased,Band stayed at Moderate,Falling
2026-07-08 19:00:00,0.37866666666666665,1.0,0.19999999999999996,0.25,0.0,0.34146666666666664,0.5957333333333333,0.6033970101271461,0.04687409220238051,7.051095836385746,Moderate,7.570639412255812,Moderate,-0.5195435758700659,Risk decreased,Band stayed at Moderate,Falling
2026-07-08 20:00:00,0.29533333333333334,1.0,0.19999999999999996,0.25,0.0,0.3081333333333333,0.5790666666666667,0.5973144242620263,0.04187194024557613,6.0250133837079245,Moderate,7.051095836385746,Moderate,-1.0260824526778212,Risk decreased,Band stayed at Moderate,Falling
2026-07-08 21:00:00,0.272,1.0,0.19999999999999996,0.25,0.0,0.2988,0.5744,0.5915858181965197,0.040214229163544814,5.684970084829705,Moderate,6.0250133837079245,Moderate,-0.3400432988782196,Risk decreased,Band stayed at Moderate,Falling
2026-07-08 22:00:00,0.169,1.0,0.19999999999999996,0.25,0.0,0.2576,0.5538000000000001,0.5821393636473897,0.034115695267191624,4.433988772757256,Low,5.684970084829705,Moderate,-1.2509813120724491,Risk decreased,Band changed from Moderate to Low,Falling
2026-07-08 23:00:00,0.12833333333333333,1.0,0.19999999999999996,0.25,0.0,0.24133333333333334,0.5456666666666666,0.5730211894022089,0.03146077336881261,3.889389408987202,Low,4.433988772757256,Low,-0.5445993637700539,Risk decreased,Band stayed at Low,Falling
2026-07-09 00:00:00,0.21099999999999994,1.0,0.19999999999999996,0.25,0.0,0.2744,0.5622,0.5703158920516567,0.03560253987721672,4.73898253891625,Low,3.889389408987202,Low,0.8495931299290485,Risk increased,Band stayed at Low,Rising
2026-07-09 01:00:00,0.08533333333333334,1.0,0.19999999999999996,0.25,0.0,0.22413333333333335,0.5370666666666667,0.5620035857054092,0.028656750169647385,3.3142051630045914,Low,4.73898253891625,Low,-1.4247773759116589,Risk decreased,Band stayed at Low,Falling
2026-07-09 02:00:00,0.07666666666666669,1.0,0.19999999999999996,0.25,0.0,0.22066666666666668,0.5353333333333333,0.5553360226123902,0.02787879389517968,3.1546243887548058,Low,3.3142051630045914,Low,-0.15958077424978567,Risk decreased,Band stayed at Low,Falling
2026-07-09 03:00:00,0.04066666666666669,1.0,0.19999999999999996,0.25,0.0,0.20626666666666665,0.5281333333333333,0.548535350292626,0.025740387002715002,2.7159768210697437,Low,3.1546243887548058,Low,-0.4386475676850621,Risk decreased,Band stayed at Low,Falling
2026-07-09 04:00:00,0.07266666666666666,1.0,0.19999999999999996,0.25,0.0,0.21906666666666663,0.5345333333333333,0.5450348460528028,0.027163264979297563,3.0078492265225765,Low,2.7159768210697437,Low,0.2918724054528328,Risk increased,Band stayed at Low,Falling
2026-07-09 05:00:00,0.11966666666666666,1.0,0.19999999999999996,0.25,0.0,0.23786666666666667,0.5439333333333334,0.5447594678729355,0.029479477017454615,3.482969644606074,Low,3.0078492265225765,Low,0.4751204180834976,Risk increased,Band stayed at Low,Rising
2026-07-09 06:00:00,0.14600000000000002,1.0,0.19999999999999996,0.25,0.0,0.2484,0.5492,0.5458696009047016,0.030847637016725594,3.7636178495847368,Low,3.482969644606074,Low,0.2806482049786627,Risk increased,Band stayed at Low,Rising
2026-07-09 07:00:00,0.16566666666666668,1.0,0.19999999999999996,0.25,0.0,0.25626666666666664,0.5531333333333334,0.5476855340118595,0.031930431756580745,3.985729591093486,Low,3.7636178495847368,Low,0.22211174150874902,Risk increased,Band stayed at Low,Rising
2026-07-09 08:00:00,0.2276666666666666,1.0,0.19999999999999996,0.25,0.0,0.28106666666666663,0.5655333333333333,0.5521474838422279,0.03530578251016229,4.678109232853803,Low,3.985729591093486,Low,0.6923796417603172,Risk increased,Band stayed at Low,Rising
2026-07-09 09:00:00,0.21099999999999994,1.0,0.19999999999999996,0.25,0.0,0.2744,0.5622,0.5546606128816709,0.034625243419751185,4.538511470718191,Low,4.678109232853803,Low,-0.1395977621356117,Risk decreased,Band stayed at Low,Rising
2026-07-09 10:00:00,0.3146666666666667,1.0,0.19999999999999996,0.25,0.0,0.3158666666666667,0.5829333333333333,0.5617287929945864,0.04036564382165998,5.716029501878971,Moderate,4.538511470718191,Low,1.1775180311607798,Risk increased,Band changed from Low to Moderate,Rising
2026-07-09 11:00:00,0.3593333333333334,1.0,0.19999999999999996,0.25,0.0,0.3337333333333333,0.5918666666666667,0.5692632614126065,0.0432209336139112,6.301729972084349,Moderate,5.716029501878971,Moderate,0.5857004702053779,Risk increased,Band stayed at Moderate,Rising
2026-07-09 12:00:00,0.3573333333333333,1.0,0.19999999999999996,0.25,0.0,0.3329333333333333,0.5914666666666667,0.5748141127261216,0.04353776213080614,6.366720437088437,Moderate,6.301729972084349,Moderate,0.06499046500408845,Risk increased,Band stayed at Moderate,Rising
2026-07-09 13:00:00,0.428,1.0,0.19999999999999996,0.25,0.0,0.36119999999999997,0.6056,0.5825105845445911,0.047866642263782684,7.254695848981062,Moderate,6.366720437088437,Moderate,0.8879754118926249,Risk increased,Band stayed at Moderate,Rising
2026-07-09 14:00:00,0.5399999999999999,1.0,0.19999999999999996,0.25,0.0,0.4059999999999999,0.628,0.5938829384084434,0.05485399760609586,8.68799950894274,Moderate,7.254695848981062,Moderate,1.4333036599616777,Risk increased,Band stayed at Moderate,Rising
2026-07-09 15:00:00,0.487,1.0,0.19999999999999996,0.25,0.0,0.3848,0.6174000000000001,0.5997622038063326,0.05250438284561397,8.206027250382352,Moderate,8.68799950894274,Moderate,-0.48197225856038806,Risk decreased,Band stayed at Moderate,Rising
2026-07-09 16:00:00,0.4126666666666666,1.0,0.19999999999999996,0.25,0.0,0.35506666666666664,0.6025333333333334,0.6004549861880828,0.04850335272263888,7.385303122592592,Moderate,8.206027250382352,Moderate,-0.8207241277897603,Risk decreased,Band stayed at Moderate,Falling
2026-07-09 17:00:00,0.4886666666666667,1.0,0.19999999999999996,0.25,0.0,0.3854666666666666,0.6177333333333334,0.6047745729743954,0.053034899810892294,8.314851243259959,Moderate,7.385303122592592,Moderate,0.9295481206673673,Risk increased,Band stayed at Moderate,Rising
2026-07-09 18:00:00,0.4296666666666667,1.0,0.19999999999999996,0.25,0.0,0.36186666666666667,0.6059333333333333,0.6050642630641299,0.0498117137686668,7.6536848756239575,Moderate,8.314851243259959,Moderate,-0.6611663676360013,Risk decreased,Band stayed at Moderate,Falling
2026-07-09 19:00:00,0.33133333333333337,1.0,0.19999999999999996,0.25,0.0,0.32253333333333334,0.5862666666666667,0.6003648639647641,0.04405257237989985,6.472322539466635,Moderate,7.6536848756239575,Moderate,-1.1813623361573224,Risk decreased,Band stayed at Moderate,Falling
2026-07-09 20:00:00,0.32999999999999996,1.0,0.19999999999999996,0.25,0.0,0.32199999999999995,0.586,0.596773647973573,0.04371665358230409,6.403416119446992,Moderate,6.472322539466635,Moderate,-0.0689064200196432,Risk decreased,Band stayed at Moderate,Falling
2026-07-09 21:00:00,0.32000000000000006,1.0,0.19999999999999996,0.25,0.0,0.318,0.5840000000000001,0.5935802359801798,0.042942562171986116,6.244628137843305,Moderate,6.403416119446992,Moderate,-0.15878798160368657,Risk decreased,Band stayed at Moderate,Falling
2026-07-09 22:00:00,0.2206666666666667,1.0,0.19999999999999996,0.25,0.0,0.27826666666666666,0.5641333333333334,0.5862185103184683,0.03711095360805084,5.048400740112992,Moderate,6.244628137843305,Moderate,-1.196227397730313,Risk decreased,Band stayed at Moderate,Falling
2026-07-09 23:00:00,0.17200000000000001,1.0,0.19999999999999996,0.25,0.0,0.2588,0.5544,0.5782638827388512,0.034046442624015336,4.4197831023621195,Low,5.048400740112992,Moderate,-0.6286176377508728,Risk decreased,Band changed from Moderate to Low,Falling
2026-07-10 00:00:00,0.14299999999999996,1.0,0.19999999999999996,0.25,0.0,0.24719999999999998,0.5486,0.5708479120541384,0.03210334487810063,4.021198949353976,Low,4.4197831023621195,Low,-0.39858415300814354,Risk decreased,Band stayed at Low,Falling
2026-07-10 01:00:00,0.10433333333333336,1.0,0.19999999999999996,0.25,0.0,0.23173333333333335,0.5408666666666667,0.5633526007072704,0.02969957354088683,3.5281176494126827,Low,4.021198949353976,Low,-0.49308129994129324,Risk decreased,Band stayed at Low,Falling
2026-07-10 02:00:00,0.02866666666666665,1.0,0.19999999999999996,0.25,0.0,0.20146666666666663,0.5257333333333334,0.5539477838637862,0.02538945807635148,2.6439914002772262,Low,3.5281176494126827,Low,-0.8841262491354565,Risk decreased,Band stayed at Low,Falling
2026-07-10 03:00:00,0.04499999999999999,1.0,0.19999999999999996,0.25,0.0,0.20800000000000002,0.529,0.5477108378978396,0.025917676849325774,2.752343969092466,Low,2.6439914002772262,Low,0.1083525688152398,Risk increased,Band stayed at Low,Falling
2026-07-10 04:00:00,0.06199999999999998,1.0,0.19999999999999996,0.25,0.0,0.2148,0.5324,0.5438831284233797,0.026577936836665296,2.887781915213394,Low,2.752343969092466,Low,0.13543794612092785,Risk increased,Band stayed at Low,Falling
2026-07-10 05:00:00,0.03666666666666665,1.0,0.19999999999999996,0.25,0.0,0.20466666666666666,0.5273333333333333,0.5397456796508682,0.025131458420677173,2.591068393985061,Low,2.887781915213394,Low,-0.29671352122833294,Risk decreased,Band stayed at Low,Falling
2026-07-10 06:00:00,0.18533333333333335,1.0,0.19999999999999996,0.25,0.0,0.26413333333333333,0.5570666666666667,0.5440759264048178,0.03269370377630764,4.142298210524644,Low,2.591068393985061,Low,1.5512298165395833,Risk increased,Band stayed at Low,Rising
2026-07-10 07:00:00,0.22433333333333336,1.0,0.19999999999999996,0.25,0.0,0.27973333333333333,0.5648666666666667,0.5492736114702801,0.03495540645156098,4.6062372208330205,Low,4.142298210524644,Low,0.46393901030837625,Risk increased,Band stayed at Low,Rising
2026-07-10 08:00:00,0.26,1.0,0.19999999999999996,0.25,0.0,0.294,0.5720000000000001,0.5549552086027101,0.03711817912739226,5.049882897926617,Moderate,4.6062372208330205,Low,0.44364567709359637,Risk increased,Band changed from Low to Moderate,Rising
2026-07-10 09:00:00,0.25333333333333335,1.0,0.19999999999999996,0.25,0.0,0.29133333333333333,0.5706666666666667,0.5588830731186992,0.03704183861451885,5.034223305542328,Moderate,5.049882897926617,Moderate,-0.0156595923842886,Risk stayed the same,Band stayed at Moderate,Rising
2026-07-10 10:00:00,0.35566666666666674,1.0,0.19999999999999996,0.25,0.0,0.3322666666666667,0.5911333333333334,0.5669456381723578,0.04285579875320731,6.226830513478422,Moderate,5.034223305542328,Moderate,1.1926072079360939,Risk increased,Band stayed at Moderate,Rising
2026-07-10 11:00:00,0.41300000000000003,1.0,0.19999999999999996,0.25,0.0,0.35519999999999996,0.6026,0.5758592286292683,0.04653403254707391,6.981340009656185,Moderate,6.226830513478422,Moderate,0.7545094961777625,Risk increased,Band stayed at Moderate,Rising
2026-07-10 12:00:00,0.4456666666666667,1.0,0.19999999999999996,0.25,0.0,0.36826666666666663,0.6091333333333333,0.5841777548052846,0.048942801749423274,7.4754465127022085,Moderate,6.981340009656185,Moderate,0.4941065030460239,Risk increased,Band stayed at Moderate,Rising
2026-07-10 13:00:00,0.43599999999999994,1.0,0.19999999999999996,0.25,0.0,0.36439999999999995,0.6072,0.5899333161039635,0.048906061838334666,7.467910120684035,Moderate,7.4754465127022085,Moderate,-0.007536392018173466,Risk stayed the same,Band stayed at Moderate,Rising
2026-07-10 14:00:00,0.47600000000000003,1.0,0.19999999999999996,0.25,0.0,0.38039999999999996,0.6152,0.5962499870779726,0.05160007013171482,8.020527206505605,Moderate,7.467910120684035,Moderate,0.55261708582157,Risk increased,Band stayed at Moderate,Rising
2026-07-10 15:00:00,0.46466666666666673,1.0,0.19999999999999996,0.25,0.0,0.3758666666666667,0.6129333333333333,0.6004208236418128,0.051341784489336864,7.967545536274229,Moderate,8.020527206505605,Moderate,-0.05298167023137612,Risk decreased,Band stayed at Moderate,Rising
2026-07-10 16:00:00,0.46633333333333327,1.0,0.19999999999999996,0.25,0.0,0.3765333333333333,0.6132666666666666,0.6036322843980263,0.05170794632458079,8.042655656324264,Moderate,7.967545536274229,Moderate,0.07511012005003526,Risk increased,Band stayed at Moderate,Rising
2026-07-10 17:00:00,0.463,1.0,0.19999999999999996,0.25,0.0,0.3752,0.6126,0.6058742132985198,0.05171621109873504,8.044350994612316,Moderate,8.042655656324264,Moderate,0.0016953382880515733,Risk stayed the same,Band stayed at Moderate,Stable
2026-07-10 18:00:00,0.36833333333333335,1.0,0.19999999999999996,0.25,0.0,0.3373333333333333,0.5936666666666667,0.6028223266405565,0.046262594754151766,6.9256604623901055,Moderate,8.044350994612316,Moderate,-1.1186905322222103,Risk decreased,Band stayed at Moderate,Falling
2026-07-10 19:00:00,0.35133333333333333,1.0,0.19999999999999996,0.25,0.0,0.33053333333333335,0.5902666666666667,0.5996834116470839,0.045093993716684676,6.685947429063522,Moderate,6.9256604623901055,Moderate,-0.23971303332658334,Risk decreased,Band stayed at Moderate,Falling
2026-07-10 20:00:00,0.319,1.0,0.19999999999999996,0.25,0.0,0.3176,0.5838,0.5957125587353129,0.0430426152188613,6.265151839766421,Moderate,6.685947429063522,Moderate,-0.4207955892971009,Risk decreased,Band stayed at Moderate,Falling
2026-07-10 21:00:00,0.2616666666666667,1.0,0.19999999999999996,0.25,0.0,0.2946666666666667,0.5723333333333334,0.589867752384818,0.03954276789403692,5.547234439802446,Moderate,6.265151839766421,Moderate,-0.7179173999639756,Risk decreased,Band stayed at Moderate,Falling
2026-07-10 22:00:00,0.21400000000000005,1.0,0.19999999999999996,0.25,0.0,0.2756,0.5628000000000001,0.5831008142886136,0.03655983795508179,4.9353513754013925,Low,5.547234439802446,Moderate,-0.6118830644010531,Risk decreased,Band changed from Moderate to Low,Falling
2026-07-10 23:00:00,0.19766666666666666,1.0,0.19999999999999996,0.25,0.0,0.2690666666666667,0.5595333333333333,0.5772089440497935,0.03533249868913866,4.6835894746951094,Low,4.9353513754013925,Low,-0.251761900706283,Risk decreased,Band stayed at Low,Falling
2026-07-11 00:00:00,0.11333333333333334,1.0,0.19999999999999996,0.25,0.0,0.23533333333333334,0.5426666666666666,0.5685733747040118,0.030440470859361617,3.680096586535716,Low,4.6835894746951094,Low,-1.0034928881593936,Risk decreased,Band stayed at Low,Falling
2026-07-11 01:00:00,0.043333333333333356,1.0,0.19999999999999996,0.25,0.0,0.20733333333333331,0.5286666666666667,0.5585966976946756,0.026348075235761683,2.8406308175921398,Low,3.680096586535716,Low,-0.839465768943576,Risk decreased,Band stayed at Low,Falling
2026-07-11 02:00:00,0.1373333333333333,1.0,0.19999999999999996,0.25,0.0,0.24493333333333334,0.5474666666666667,0.5558141899376734,0.03097126356310368,3.7889771411494726,Low,2.8406308175921398,Low,0.9483463235573328,Risk increased,Band stayed at Low,Rising
2026-07-11 03:00:00,0.12733333333333335,1.0,0.19999999999999996,0.25,0.0,0.24093333333333333,0.5454666666666667,0.5532273091199217,0.030323679676584187,3.656139420837782,Low,3.7889771411494726,Low,-0.1328377203116906,Risk decreased,Band stayed at Low,Rising
2026-07-11 04:00:00,0.046666666666666676,1.0,0.19999999999999996,0.25,0.0,0.20866666666666667,0.5293333333333333,0.5472538151732745,0.025979050695967294,2.764933476095855,Low,3.656139420837782,Low,-0.8912059447419272,Risk decreased,Band stayed at Low,Falling
2026-07-11 05:00:00,0.11733333333333332,1.0,0.19999999999999996,0.25,0.0,0.23693333333333333,0.5434666666666667,0.5463070280466226,0.029447223528111733,3.4763535442280475,Low,2.764933476095855,Low,0.7114200681321927,Risk increased,Band stayed at Low,Rising
2026-07-11 06:00:00,0.12700000000000003,1.0,0.19999999999999996,0.25,0.0,0.24080000000000001,0.5454,0.5460802710349669,0.02991536940783756,3.572383468274371,Low,3.4763535442280475,Low,0.0960299240463236,Risk increased,Band stayed at Low,Rising
2026-07-11 07:00:00,0.17566666666666667,1.0,0.19999999999999996,0.25,0.0,0.26026666666666665,0.5551333333333334,0.5483435366095586,0.0324677863650097,4.095956177437888,Low,3.572383468274371,Low,0.5235727091635165,Risk increased,Band stayed at Low,Rising
2026-07-11 08:00:00,0.23033333333333333,1.0,0.19999999999999996,0.25,0.0,0.28213333333333335,0.5660666666666667,0.5527743191238357,0.035480003931069766,4.713846960219438,Low,4.095956177437888,Low,0.6178907827815507,Risk increased,Band stayed at Low,Rising
2026-07-11 09:00:00,0.25333333333333335,1.0,0.19999999999999996,0.25,0.0,0.29133333333333333,0.5706666666666667,0.5572474060095434,0.03693342932463586,5.011985502489407,Moderate,4.713846960219438,Low,0.2981385422699683,Risk increased,Band changed from Low to Moderate,Rising
2026-07-11 10:00:00,0.3549999999999999,1.0,0.19999999999999996,0.25,0.0,0.33199999999999996,0.591,0.5656855545071575,0.042726229931925604,6.200252293728329,Moderate,5.011985502489407,Moderate,1.188266791238922,Risk increased,Band stayed at Moderate,Rising
2026-07-11 11:00:00,0.36566666666666664,1.0,0.19999999999999996,0.25,0.0,0.33626666666666666,0.5931333333333333,0.5725474992137014,0.04380026538818097,6.420567259114044,Moderate,6.200252293728329,Moderate,0.2203149653857155,Risk increased,Band stayed at Moderate,Rising
2026-07-11 12:00:00,0.4623333333333334,1.0,0.19999999999999996,0.25,0.0,0.37493333333333334,0.6124666666666667,0.5825272910769428,0.049688024522753685,7.6283127226161405,Moderate,6.420567259114044,Moderate,1.2077454635020963,Risk increased,Band stayed at Moderate,Rising
2026-07-11 13:00:00,0.401,1.0,0.19999999999999996,0.25,0.0,0.3504,0.6002000000000001,0.5869454683077071,0.04678894495161717,7.033629733665061,Moderate,7.6283127226161405,Moderate,-0.5946829889510798,Risk decreased,Band stayed at Moderate,Rising
2026-07-11 14:00:00,0.5086666666666667,1.0,0.19999999999999996,0.25,0.0,0.39346666666666663,0.6217333333333334,0.5956424345641137,0.053318138340093885,8.372951454378233,Moderate,7.033629733665061,Moderate,1.3393217207131727,Risk increased,Band stayed at Moderate,Rising
2026-07-11 15:00:00,0.5216666666666666,1.0,0.19999999999999996,0.25,0.0,0.3986666666666666,0.6243333333333334,0.6028151592564186,0.05467332556069297,8.650938576552406,Moderate,8.372951454378233,Moderate,0.27798712217417254,Risk increased,Band stayed at Moderate,Rising
2026-07-11 16:00:00,0.4736666666666667,1.0,0.19999999999999996,0.25,0.0,0.3794666666666666,0.6147333333333334,0.6057947027756473,0.052297448964351255,8.163579274738717,Moderate,8.650938576552406,Moderate,-0.48735930181368836,Risk decreased,Band stayed at Moderate,Rising
2026-07-11 17:00:00,0.4623333333333334,1.0,0.19999999999999996,0.25,0.0,0.37493333333333334,0.6124666666666667,0.6074626937484021,0.05181494787622204,8.064604692558367,Moderate,8.163579274738717,Moderate,-0.09897458218035027,Risk decreased,Band stayed at Moderate,Falling
2026-07-11 18:00:00,0.466,1.0,0.19999999999999996,0.25,0.0,0.37639999999999996,0.6132,0.6088970203113016,0.05214046074627706,8.131376563338883,Moderate,8.064604692558367,Moderate,0.06677187078051539,Risk increased,Band stayed at Moderate,Falling
2026-07-11 19:00:00,0.3633333333333333,1.0,0.19999999999999996,0.25,0.0,0.3353333333333333,0.5926666666666667,0.6048394319001429,0.04614219219394206,6.900962501321447,Moderate,8.131376563338883,Moderate,-1.2304140620174353,Risk decreased,Band stayed at Moderate,Falling
2026-07-11 20:00:00,0.32999999999999996,1.0,0.19999999999999996,0.25,0.0,0.32199999999999995,0.586,0.6001295739251071,0.043962491937883715,6.453844500078709,Moderate,6.900962501321447,Moderate,-0.44711800124273804,Risk decreased,Band stayed at Moderate,Falling
2026-07-11 21:00:00,0.24966666666666662,1.0,0.19999999999999996,0.25,0.0,0.28986666666666666,0.5699333333333334,0.5925805137771637,0.039077524454197134,5.451799888040437,Moderate,6.453844500078709,Moderate,-1.0020446120382722,Risk decreased,Band stayed at Moderate,Falling
2026-07-11 22:00:00,0.21433333333333332,1.0,0.19999999999999996,0.25,0.0,0.27573333333333333,0.5628666666666666,0.5851520519995395,0.03670619812056311,4.965373973448843,Low,5.451799888040437,Moderate,-0.4864259145915941,Risk decreased,Band changed from Moderate to Low,Falling
2026-07-11 23:00:00,0.155,1.0,0.19999999999999996,0.25,0.0,0.252,0.551,0.5766140389996546,0.0330572828558502,4.2168785345333735,Low,4.965373973448843,Low,-0.7484954389154694,Risk decreased,Band stayed at Low,Falling
2026-07-12 00:00:00,0.097,1.0,0.19999999999999996,0.25,0.0,0.2288,0.5394,0.5673105292497409,0.029529647668507516,3.49326106020667,Low,4.2168785345333735,Low,-0.7236174743267036,Risk decreased,Band stayed at Low,Falling
2026-07-12 01:00:00,0.07299999999999998,1.0,0.19999999999999996,0.25,0.0,0.2192,0.5346,0.5591328969373057,0.027882839304469557,3.155454216301447,Low,3.49326106020667,Low,-0.33780684390522264,Risk decreased,Band stayed at Low,Falling
2026-07-12 02:00:00,0.06466666666666665,1.0,0.19999999999999996,0.25,0.0,0.21586666666666665,0.5329333333333334,0.5525830060363126,0.02713716723210796,3.002495842483684,Low,3.155454216301447,Low,-0.15295837381776334,Risk decreased,Band stayed at Low,Falling
2026-07-12 03:00:00,0.03399999999999999,1.0,0.19999999999999996,0.25,0.0,0.2036,0.5268,0.5461372545272345,0.025296531492446976,2.6249295369122,Low,3.002495842483684,Low,-0.37756630557148396,Risk decreased,Band stayed at Low,Falling
2026-07-12 04:00:00,0.04066666666666669,1.0,0.19999999999999996,0.25,0.0,0.20626666666666665,0.5281333333333333,0.5416362742287593,0.025416643259034012,2.649567848006977,Low,2.6249295369122,Low,0.024638311094776988,Risk stayed the same,Band stayed at Low,Falling
2026-07-12 05:00:00,0.07466666666666667,1.0,0.19999999999999996,0.25,0.0,0.21986666666666665,0.5349333333333334,0.5399605390049028,0.027008646174178905,2.976132548549519,Low,2.649567848006977,Low,0.32656470054254205,Risk increased,Band stayed at Low,Rising
2026-07-12 06:00:00,0.06966666666666667,1.0,0.19999999999999996,0.25,0.0,0.21786666666666665,0.5339333333333334,0.5384537375870104,0.026688280018920974,2.9104164141376354,Low,2.976132548549519,Low,-0.06571613441188351,Risk decreased,Band stayed at Low,Rising
2026-07-12 07:00:00,0.20966666666666664,1.0,0.19999999999999996,0.25,0.0,0.27386666666666665,0.5619333333333334,0.5443236365235912,0.033913902732390165,4.3925954322851615,Low,2.9104164141376354,Low,1.482179018147526,Risk increased,Band stayed at Low,Rising
2026-07-12 08:00:00,0.29500000000000004,1.0,0.19999999999999996,0.25,0.0,0.308,0.5790000000000001,0.5529927273926935,0.03874820040840603,5.384246237621749,Moderate,4.3925954322851615,Low,0.9916508053365876,Risk increased,Band changed from Low to Moderate,Rising
2026-07-12 09:00:00,0.21266666666666664,1.0,0.19999999999999996,0.25,0.0,0.2750666666666666,0.5625333333333333,0.5553778788778534,0.03475425177845867,4.564974723786394,Low,5.384246237621749,Moderate,-0.8192715138353552,Risk decreased,Band changed from Moderate to Low,Rising
2026-07-12 10:00:00,0.31533333333333335,1.0,0.19999999999999996,0.25,0.0,0.3161333333333333,0.5830666666666667,0.5623000758250567,0.04044080888669668,5.731447976758294,Moderate,4.564974723786394,Low,1.1664732529719002,Risk increased,Band changed from Low to Moderate,Rising
2026-07-12 11:00:00,0.3883333333333333,1.0,0.19999999999999996,0.25,0.0,0.34533333333333327,0.5976666666666667,0.5711417235354592,0.044870797606690785,6.64016361162888,Moderate,5.731447976758294,Moderate,0.9087156348705863,Risk increased,Band stayed at Moderate,Rising
2026-07-12 12:00:00,0.42733333333333334,1.0,0.19999999999999996,0.25,0.0,0.36093333333333333,0.6054666666666667,0.5797229593182611,0.04760240487652749,7.20049330800564,Moderate,6.64016361162888,Moderate,0.5603296963767601,Risk increased,Band stayed at Moderate,Rising
2026-07-12 13:00:00,0.43599999999999994,1.0,0.19999999999999996,0.25,0.0,0.36439999999999995,0.6072,0.5865922194886959,0.048629081587832364,7.4110936590425345,Moderate,7.20049330800564,Moderate,0.21060035103689412,Risk increased,Band stayed at Moderate,Rising
2026-07-12 14:00:00,0.4453333333333333,1.0,0.19999999999999996,0.25,0.0,0.3681333333333333,0.6090666666666666,0.5922108312831886,0.04959785452357747,7.609816312528713,Moderate,7.4110936590425345,Moderate,0.19872265348617812,Risk increased,Band stayed at Moderate,Rising
2026-07-12 15:00:00,0.49033333333333334,1.0,0.19999999999999996,0.25,0.0,0.38613333333333333,0.6180666666666667,0.5986747901290581,0.05259078649715049,8.223751076338562,Moderate,7.609816312528713,Moderate,0.6139347638098496,Risk increased,Band stayed at Moderate,Rising
2026-07-12 16:00:00,0.5036666666666666,1.0,0.19999999999999996,0.25,0.0,0.39146666666666663,0.6207333333333334,0.6041894259301269,0.05380830468743585,8.473498397422738,Moderate,8.223751076338562,Moderate,0.2497473210841754,Risk increased,Band stayed at Moderate,Rising
2026-07-12 17:00:00,0.4293333333333333,1.0,0.19999999999999996,0.25,0.0,0.3617333333333333,0.6058666666666667,0.6046087361142618,0.049755872866032426,7.64223033149383,Moderate,8.473498397422738,Moderate,-0.8312680659289073,Risk decreased,Band stayed at Moderate,Falling
2026-07-12 18:00:00,0.40299999999999997,1.0,0.19999999999999996,0.25,0.0,0.35119999999999996,0.6006,0.6036065520856964,0.04822695629854296,7.32860642021394,Moderate,7.64223033149383,Moderate,-0.3136239112798904,Risk decreased,Band stayed at Moderate,Falling
2026-07-12 19:00:00,0.381,1.0,0.19999999999999996,0.25,0.0,0.3424,0.5962000000000001,0.6017549140642723,0.046874300785950555,7.051138622759087,Moderate,7.32860642021394,Moderate,-0.27746779745485295,Risk decreased,Band stayed at Moderate,Falling
2026-07-12 20:00:00,0.3433333333333334,1.0,0.19999999999999996,0.25,0.0,0.32733333333333337,0.5886666666666667,0.5984828522148709,0.04456802053302108,6.578055493953041,Moderate,7.051138622759087,Moderate,-0.47308312880604575,Risk decreased,Band stayed at Moderate,Falling
2026-07-12 21:00:00,0.2773333333333333,1.0,0.19999999999999996,0.25,0.0,0.30093333333333333,0.5754666666666667,0.5927288058278198,0.04057959708085281,5.759917349918525,Moderate,6.578055493953041,Moderate,-0.8181381440345161,Risk decreased,Band stayed at Moderate,Falling
2026-07-12 22:00:00,0.2456666666666667,1.0,0.19999999999999996,0.25,0.0,0.28826666666666667,0.5691333333333334,0.5868299377041982,0.038484698534599786,5.330194571199955,Moderate,5.759917349918525,Moderate,-0.42972277871856956,Risk decreased,Band stayed at Moderate,Falling
2026-07-12 23:00:00,0.184,1.0,0.19999999999999996,0.25,0.0,0.2636,0.5568,0.5793224532781487,0.034741388200637296,4.562336041156368,Low,5.330194571199955,Moderate,-0.7678585300435872,Risk decreased,Band changed from Moderate to Low,Falling
2026-07-13 00:00:00,0.14166666666666666,1.0,0.19999999999999996,0.25,0.0,0.24666666666666665,0.5483333333333333,0.5715751732919448,0.0320748934745663,4.0153627640136005,Low,4.562336041156368,Low,-0.5469732771427678,Risk decreased,Band stayed at Low,Falling
2026-07-13 01:00:00,0.12700000000000003,1.0,0.19999999999999996,0.25,0.0,0.24080000000000001,0.5454,0.5650313799689586,0.030953549057459492,3.785343396401947,Low,4.0153627640136005,Low,-0.23001936761165354,Risk decreased,Band stayed at Low,Falling
2026-07-13 02:00:00,0.12333333333333331,1.0,0.19999999999999996,0.25,0.0,0.2393333333333333,0.5446666666666666,0.5599402016433856,0.030487810745812933,3.689807332474447,Low,3.785343396401947,Low,-0.0955360639274998,Risk decreased,Band stayed at Low,Falling
2026-07-13 03:00:00,0.009666666666666638,1.0,0.19999999999999996,0.25,0.0,0.19386666666666663,0.5219333333333334,0.5504384845658725,0.024276905882282946,2.4157755655965016,Low,3.689807332474447,Low,-1.2740317668779455,Risk decreased,Band stayed at Low,Falling
2026-07-13 04:00:00,0.07966666666666669,1.0,0.19999999999999996,0.25,0.0,0.22186666666666666,0.5359333333333334,0.5468121967577377,0.02760016336061456,3.0974694073055504,Low,2.4157755655965016,Low,0.6816938417090488,Risk increased,Band stayed at Low,Falling
2026-07-13 05:00:00,0.14833333333333332,1.0,0.19999999999999996,0.25,0.0,0.2493333333333333,0.5496666666666666,0.5475258142349699,0.031057489269454938,3.8066644655292174,Low,3.0974694073055504,Low,0.709195058223667,Risk increased,Band stayed at Low,Rising
2026-07-13 06:00:00,0.111,1.0,0.19999999999999996,0.25,0.0,0.2344,0.5422,0.5461943606762274,0.0291263604774205,3.4105354825477945,Low,3.8066644655292174,Low,-0.39612898298142296,Risk decreased,Band stayed at Low,Rising
2026-07-13 07:00:00,0.09366666666666669,1.0,0.19999999999999996,0.25,0.0,0.22746666666666665,0.5387333333333334,0.5443291038405039,0.028168305351607623,3.2140113541759225,Low,3.4105354825477945,Low,-0.19652412837187194,Risk decreased,Band stayed at Low,Falling
2026-07-13 08:00:00,0.23533333333333328,1.0,0.19999999999999996,0.25,0.0,0.2841333333333333,0.5670666666666667,0.5500134945470446,0.03555305562535247,4.728831923149225,Low,3.2140113541759225,Low,1.5148205689733025,Risk increased,Band stayed at Low,Rising
2026-07-13 09:00:00,0.28666666666666674,1.0,0.19999999999999996,0.25,0.0,0.3046666666666667,0.5773333333333334,0.5568434542436168,0.038595747886048824,5.352973925343348,Moderate,4.728831923149225,Low,0.6241420021941231,Risk increased,Band changed from Low to Moderate,Rising
2026-07-13 10:00:00,0.30533333333333335,1.0,0.19999999999999996,0.25,0.0,0.3121333333333333,0.5810666666666667,0.5628992573493793,0.039971663897465204,5.635213107172349,Moderate,5.352973925343348,Moderate,0.28223918182900043,Risk increased,Band stayed at Moderate,Rising
2026-07-13 11:00:00,0.31099999999999994,1.0,0.19999999999999996,0.25,0.0,0.31439999999999996,0.5822,0.5677244430120345,0.04060705851087877,5.765550463770004,Moderate,5.635213107172349,Moderate,0.13033735659765533,Risk increased,Band stayed at Moderate,Rising
2026-07-13 12:00:00,0.35366666666666663,1.0,0.19999999999999996,0.25,0.0,0.33146666666666663,0.5907333333333333,0.5734766655923592,0.04324511071676568,6.306689377798087,Moderate,5.765550463770004,Moderate,0.5411389140280827,Risk increased,Band stayed at Moderate,Rising
2026-07-13 13:00:00,0.44933333333333336,1.0,0.19999999999999996,0.25,0.0,0.36973333333333336,0.6098666666666667,0.582574165860936,0.0490028375786154,7.487761554587774,Moderate,6.306689377798087,Moderate,1.1810721767896872,Risk increased,Band stayed at Moderate,Rising
2026-07-13 14:00:00,0.419,1.0,0.19999999999999996,0.25,0.0,0.3576,0.6038,0.587880624395702,0.04782644031708793,7.246449295812908,Moderate,7.487761554587774,Moderate,-0.24131225877486617,Risk decreased,Band stayed at Moderate,Rising
2026-07-13 15:00:00,0.4253333333333334,1.0,0.19999999999999996,0.25,0.0,0.3601333333333333,0.6050666666666666,0.5921771349634432,0.04851727005993321,7.388157961011941,Moderate,7.246449295812908,Moderate,0.14170866519903313,Risk increased,Band stayed at Moderate,Rising
2026-07-13 16:00:00,0.4443333333333333,1.0,0.19999999999999996,0.25,0.0,0.3677333333333333,0.6088666666666667,0.5963495178892491,0.049890203100269315,7.669785251337295,Moderate,7.388157961011941,Moderate,0.2816272903253543,Risk increased,Band stayed at Moderate,Rising
2026-07-13 17:00:00,0.36133333333333334,1.0,0.19999999999999996,0.25,0.0,0.33453333333333335,0.5922666666666667,0.5953288050836034,0.04530829248262775,6.7299061502826145,Moderate,7.669785251337295,Moderate,-0.9398791010546805,Risk decreased,Band stayed at Moderate,Falling
2026-07-13 18:00:00,0.4023333333333333,1.0,0.19999999999999996,0.25,0.0,0.3509333333333333,0.6004666666666667,0.5966132704793692,0.047632012546351556,7.206566676174678,Moderate,6.7299061502826145,Moderate,0.4766605258920631,Risk increased,Band stayed at Moderate,Falling
2026-07-13 19:00:00,0.3323333333333333,1.0,0.19999999999999996,0.25,0.0,0.3229333333333333,0.5864666666666667,0.5940766195261935,0.043645225032270696,6.388764109183732,Moderate,7.206566676174678,Moderate,-0.8178025669909452,Risk decreased,Band stayed at Moderate,Falling
2026-07-13 20:00:00,0.29966666666666664,1.0,0.19999999999999996,0.25,0.0,0.3098666666666666,0.5799333333333333,0.5905407979779784,0.04162997670652492,5.975379837235881,Moderate,6.388764109183732,Moderate,-0.41338427194785154,Risk decreased,Band stayed at Moderate,Falling
2026-07-13 21:00:00,0.21300000000000002,1.0,0.19999999999999996,0.25,0.0,0.2752,0.5626,0.5835555984834838,0.036535248909853955,4.930307468687991,Low,5.975379837235881,Moderate,-1.0450723685478902,Risk decreased,Band changed from Moderate to Low,Falling
2026-07-13 22:00:00,0.24166666666666667,1.0,0.19999999999999996,0.25,0.0,0.2866666666666667,0.5683333333333334,0.5797500321959462,0.0378093645997123,5.191664533274317,Moderate,4.930307468687991,Low,0.2613570645863268,Risk increased,Band changed from Low to Moderate,Falling
2026-07-13 23:00:00,0.18800000000000003,1.0,0.19999999999999996,0.25,0.0,0.2652,0.5576,0.5742125241469597,0.03464396421935852,4.542351634740208,Low,5.191664533274317,Moderate,-0.6493128985341095,Risk decreased,Band changed from Moderate to Low,Falling
2026-07-14 00:00:00,0.10099999999999998,1.0,0.19999999999999996,0.25,0.0,0.2304,0.5402,0.5657093931102197,0.029652223549265277,3.5184048306185183,Low,4.542351634740208,Low,-1.0239468041216897,Risk decreased,Band stayed at Low,Falling
2026-07-14 01:00:00,0.09100000000000001,1.0,0.19999999999999996,0.25,0.0,0.2264,0.5382,0.5588320448326648,0.02878320330115123,3.340144266902816,Low,3.5184048306185183,Low,-0.17826056371570242,Risk decreased,Band stayed at Low,Falling
2026-07-14 02:00:00,0.10899999999999999,1.0,0.19999999999999996,0.25,0.0,0.23359999999999997,0.5418000000000001,0.5545740336244986,0.02947228244294035,3.4814938344493025,Low,3.340144266902816,Low,0.14134956754648664,Risk increased,Band stayed at Low,Falling
2026-07-14 03:00:00,0.07933333333333335,1.0,0.19999999999999996,0.25,0.0,0.22173333333333334,0.5358666666666667,0.5498971918850406,0.02773919724651295,3.1259891787718868,Low,3.4814938344493025,Low,-0.35550465567741574,Risk decreased,Band stayed at Low,Falling
2026-07-14 04:00:00,0.07833333333333332,1.0,0.19999999999999996,0.25,0.0,0.22133333333333333,0.5356666666666667,0.5463395605804471,0.02751001800709411,3.0789780527372534,Low,3.1259891787718868,Low,-0.04701112603463331,Risk stayed the same,Band stayed at Low,Falling
2026-07-14 05:00:00,0.09433333333333334,1.0,0.19999999999999996,0.25,0.0,0.22773333333333334,0.5388666666666667,0.544471337102002,0.02820869699436332,3.222296819356578,Low,3.0789780527372534,Low,0.14331876661932474,Risk increased,Band stayed at Low,Stable
2026-07-14 06:00:00,0.12933333333333336,1.0,0.19999999999999996,0.25,0.0,0.24173333333333336,0.5458666666666667,0.5448201694931682,0.029962022007830463,3.5819532323754792,Low,3.222296819356578,Low,0.35965641301890106,Risk increased,Band stayed at Low,Rising
2026-07-14 07:00:00,0.1343333333333333,1.0,0.19999999999999996,0.25,0.0,0.2437333333333333,0.5468666666666667,0.5453317937865428,0.030238284410934603,3.6386224432686367,Low,3.5819532323754792,Low,0.05666921089315746,Risk increased,Band stayed at Low,Rising
2026-07-14 08:00:00,0.26499999999999996,1.0,0.19999999999999996,0.25,0.0,0.296,0.573,0.5522488453399071,0.037188437245189346,5.06429481952602,Moderate,3.6386224432686367,Low,1.425672376257383,Risk increased,Band changed from Low to Moderate,Rising
2026-07-14 09:00:00,0.2826666666666667,1.0,0.19999999999999996,0.25,0.0,0.30306666666666665,0.5765333333333333,0.5583199673382637,0.038494859001382824,5.332278769514424,Moderate,5.06429481952602,Moderate,0.26798394998840447,Risk increased,Band stayed at Moderate,Rising
2026-07-14 10:00:00,0.3496666666666666,1.0,0.19999999999999996,0.25,0.0,0.32986666666666664,0.5899333333333333,0.5662233088370311,0.04249203947057205,6.152213224732728,Moderate,5.332278769514424,Moderate,0.8199344552183039,Risk increased,Band stayed at Moderate,Rising
2026-07-14 11:00:00,0.3263333333333333,1.0,0.19999999999999996,0.25,0.0,0.32053333333333334,0.5852666666666667,0.57098414829444,0.04163692540582829,5.976805211451958,Moderate,6.152213224732728,Moderate,-0.17540801328077027,Risk decreased,Band stayed at Moderate,Rising
2026-07-14 12:00:00,0.40733333333333327,1.0,0.19999999999999996,0.25,0.0,0.3529333333333333,0.6014666666666667,0.5786047778874966,0.04645752769440217,6.965646706544036,Moderate,5.976805211451958,Moderate,0.9888414950920783,Risk increased,Band stayed at Moderate,Rising
2026-07-14 13:00:00,0.463,1.0,0.19999999999999996,0.25,0.0,0.3752,0.6126,0.5871035834156225,0.0501139876731907,7.71568977911604,Moderate,6.965646706544036,Moderate,0.7500430725720042,Risk increased,Band stayed at Moderate,Rising
2026-07-14 14:00:00,0.41400000000000003,1.0,0.19999999999999996,0.25,0.0,0.3556,0.6028,0.5910276875617169,0.04781354889605533,7.243804901754939,Moderate,7.71568977911604,Moderate,-0.4718848773611013,Risk decreased,Band stayed at Moderate,Rising
2026-07-14 15:00:00,0.5113333333333333,1.0,0.19999999999999996,0.25,0.0,0.3945333333333333,0.6222666666666667,0.5988374323379544,0.05374945218940287,8.461426090133923,Moderate,7.243804901754939,Moderate,1.2176211883789838,Risk increased,Band stayed at Moderate,Rising
2026-07-14 16:00:00,0.438,1.0,0.19999999999999996,0.25,0.0,0.36519999999999997,0.6076,0.6010280742534658,0.049935215493200694,7.679018562707834,Moderate,8.461426090133923,Moderate,-0.7824075274260887,Risk decreased,Band stayed at Moderate,Falling
2026-07-14 17:00:00,0.484,1.0,0.19999999999999996,0.25,0.0,0.38359999999999994,0.6168,0.6049710556900993,0.05279521905901927,8.265685960824465,Moderate,7.679018562707834,Moderate,0.5866673981166306,Risk increased,Band stayed at Moderate,Rising
2026-07-14 18:00:00,0.36533333333333334,1.0,0.19999999999999996,0.25,0.0,0.33613333333333334,0.5930666666666666,0.6019949584342412,0.04603475513645257,6.878924130554374,Moderate,8.265685960824465,Moderate,-1.3867618302700908,Risk decreased,Band stayed at Moderate,Falling
2026-07-14 19:00:00,0.41733333333333333,1.0,0.19999999999999996,0.25,0.0,0.3569333333333333,0.6034666666666667,0.6023628854923476,0.04891327181537811,7.469389090333971,Moderate,6.878924130554374,Moderate,0.590464959779597,Risk increased,Band stayed at Moderate,Falling
2026-07-14 20:00:00,0.3223333333333334,1.0,0.19999999999999996,0.25,0.0,0.31893333333333335,0.5844666666666667,0.5978888307859274,0.04338121919161146,6.334609064945941,Moderate,7.469389090333971,Moderate,-1.1347800253880305,Risk decreased,Band stayed at Moderate,Falling
2026-07-14 21:00:00,0.2616666666666667,1.0,0.19999999999999996,0.25,0.0,0.2946666666666667,0.5723333333333334,0.5914999564227789,0.03965218541206169,5.569679058884449,Moderate,6.334609064945941,Moderate,-0.7649300060614914,Risk decreased,Band stayed at Moderate,Falling
2026-07-14 22:00:00,0.21866666666666662,1.0,0.19999999999999996,0.25,0.0,0.27746666666666664,0.5637333333333333,0.5845583006504175,0.03689946331749006,5.005018116408218,Moderate,5.569679058884449,Moderate,-0.5646609424762312,Risk decreased,Band stayed at Moderate,Falling
2026-07-14 23:00:00,0.2276666666666666,1.0,0.19999999999999996,0.25,0.0,0.28106666666666663,0.5655333333333333,0.5798020588211464,0.03707408977984762,5.040838929199511,Moderate,5.005018116408218,Moderate,0.03582081279129312,Risk stayed the same,Band stayed at Moderate,Falling
