Time,Heat,DrySoil,DryAir,Wind,RainRelief,InstantRisk,DrynessInput,CarryoverRisk,CombinedRisk,FinalWildfireRiskIndex,FinalWildfireRiskBand
2026-08-01 00:00:00,0.441,0.5079666666666667,0.5,0.25,0.0,0.3771966666666667,0.39218333333333333,0.39218333333333333,0.03365413097763889,4.339308918490029,Low
2026-08-01 01:00:00,0.5216666666666666,0.5166666666666666,0.5,0.25,0.0,0.41033333333333327,0.4126666666666666,0.3973041666666667,0.03708867504513889,5.043830778490028,Moderate
2026-08-01 02:00:00,0.41300000000000003,0.5243833333333333,0.5,0.25,0.0,0.36763833333333334,0.39479166666666665,0.39667604166666665,0.03317708003418837,4.241452314705307,Low
2026-08-01 03:00:00,0.45899999999999996,0.5325166666666666,0.5,0.25,0.0,0.38685166666666665,0.4080583333333333,0.39952161458333335,0.035161399562134335,4.648492217873709,Low
2026-08-01 04:00:00,0.4813333333333334,0.54085,0.5,0.25,0.0,0.39661833333333335,0.4166916666666667,0.4038141276041667,0.036436419625701225,4.910034795015635,Low
2026-08-01 05:00:00,0.514,0.5494666666666667,0.5,0.25,0.0,0.41054666666666667,0.4275333333333333,0.40974392903645834,0.03826982346751682,5.286117634362424,Moderate
2026-08-01 06:00:00,0.502,0.5579833333333334,0.5,0.25,0.0,0.40659833333333334,0.42939166666666667,0.4146558634440104,0.03835613212868458,5.3038219751147855,Moderate
2026-08-01 07:00:00,0.5213333333333333,0.5666833333333333,0.5,0.25,0.0,0.41520166666666664,0.4376083333333333,0.42039398091634117,0.03970973404878018,5.581483907442087,Moderate
2026-08-01 08:00:00,0.667,0.5766833333333333,0.5,0.25,0.0,0.4744683333333333,0.47174166666666667,0.43323090235392253,0.04676361330285229,7.028433498020981,Moderate
2026-08-01 09:00:00,0.725,0.5872166666666667,0.5,0.25,0.0,0.4987216666666667,0.48860833333333337,0.44707526009877524,0.05072479203653104,7.84098298185252,Moderate
2026-08-01 10:00:00,0.7976666666666666,0.5983833333333333,0.5,0.25,0.0,0.5289050000000001,0.508725,0.4624876950740814,0.055649242367618236,8.851126639511431,Moderate
2026-08-01 11:00:00,0.8373333333333333,0.6099333333333332,0.5,0.25,0.0,0.5459266666666667,0.5224333333333333,0.4774741046388944,0.059301480048074534,9.600303599605033,Moderate
2026-08-01 12:00:00,0.855,0.6216166666666667,0.5,0.25,0.0,0.5541616666666668,0.5318083333333334,0.49105766181250415,0.061908513098125714,10.135079609871942,High
2026-08-01 13:00:00,0.8743333333333332,0.6335000000000001,0.5,0.25,0.0,0.5630833333333334,0.5416166666666667,0.5036974130260448,0.06452437316736366,10.671666290741264,High
2026-08-01 14:00:00,0.8916666666666667,0.6455166666666667,0.5,0.25,0.0,0.5712183333333334,0.5510916666666668,0.5155459764362003,0.06699631880227475,11.178732062005077,High
2026-08-01 15:00:00,0.9043333333333334,0.65765,0.5,0.25,0.0,0.5774983333333334,0.5596916666666667,0.5265823989938169,0.06918285414531346,11.627252132371993,High
2026-08-01 16:00:00,0.8806666666666667,0.6695833333333333,0.5,0.25,0.0,0.5692250000000001,0.5609250000000001,0.5351680492453627,0.06930355996920984,11.652012301376377,High
2026-08-01 17:00:00,0.8856666666666667,0.68155,0.5,0.25,0.0,0.5724216666666668,0.5679083333333335,0.5433531202673554,0.07075866495242396,11.950495374856196,High
2026-08-01 18:00:00,0.8729999999999999,0.6934166666666667,0.5,0.25,0.0,0.5685416666666667,0.5713083333333333,0.5503419235338498,0.07118300153566288,12.037538776546233,High
2026-08-01 19:00:00,0.789,0.7045166666666667,0.5,0.25,0.0,0.5360516666666668,0.5600583333333334,0.5527710259837207,0.06741139627122285,11.26387615819956,High
2026-08-01 20:00:00,0.736,0.7151333333333333,0.5,0.25,0.0,0.5159133333333333,0.5547666666666666,0.5532699361544572,0.06493744916626389,10.756399828977209,High
2026-08-01 21:00:00,0.7126666666666667,0.7255499999999999,0.5,0.25,0.0,0.5076216666666667,0.5553083333333333,0.5537795354491761,0.06395263664576224,10.554387004258922,High
2026-08-01 22:00:00,0.5896666666666667,0.73485,0.5,0.25,0.0,0.45935166666666666,0.5353583333333334,0.5491742349202154,0.05739008277297578,9.208222107277082,Moderate
2026-08-01 23:00:00,0.545,0.7437666666666667,0.5,0.25,0.0,0.4423766666666667,0.5308833333333334,0.5446015095234948,0.05480907260115527,8.6787841233139,Moderate
2026-08-02 00:00:00,0.5023333333333333,0.7522833333333333,0.5,0.25,0.0,0.4261616666666666,0.5266083333333333,0.5401032154759544,0.05236396767403131,8.177224138262831,Moderate
2026-08-02 01:00:00,0.4456666666666667,0.7603,0.5,0.25,0.0,0.4042966666666667,0.5192833333333333,0.5348982449402991,0.04919859886651099,7.527917716207382,Moderate
2026-08-02 02:00:00,0.5076666666666667,0.7688666666666666,0.5,0.25,0.0,0.42995333333333335,0.5359666666666667,0.535165350371891,0.05234686872799378,8.17371666215257,Moderate
2026-08-02 03:00:00,0.49233333333333335,0.7773,0.5,0.25,0.0,0.42466333333333334,0.5371166666666667,0.5356531794455849,0.05174994021787595,8.051269788282246,Moderate
2026-08-02 04:00:00,0.37166666666666665,0.7846333333333333,0.5,0.25,0.0,0.37713,0.51665,0.5309023845841887,0.04554987170784849,6.779460863148406,Moderate
2026-08-02 05:00:00,0.4766666666666667,0.7929333333333333,0.5,0.25,0.0,0.41995999999999994,0.5418,0.5336267884381415,0.050983183631489626,7.89398638594659,Moderate
2026-08-02 06:00:00,0.5253333333333334,0.80165,0.5,0.25,0.0,0.4402983333333334,0.5558916666666667,0.5391930079952728,0.054009815579106966,8.514833964945018,Moderate
2026-08-02 07:00:00,0.5736666666666667,0.8108166666666667,0.5,0.25,0.0,0.4605483333333334,0.5701416666666668,0.5469301726631213,0.05730446982935966,9.190660477817366,Moderate
2026-08-02 08:00:00,0.6473333333333334,0.82065,0.5,0.25,0.0,0.49099833333333337,0.5897916666666667,0.5576455461640076,0.06229019017978215,10.213372344570697,High
2026-08-02 09:00:00,0.6679999999999999,0.83065,0.5,0.25,0.0,0.5002650000000001,0.598925,0.5679654096230057,0.06464030655924954,10.69544749933324,High
2026-08-02 10:00:00,0.7683333333333332,0.8415666666666667,0.5,0.25,0.0,0.54149,0.6244500000000001,0.5820865572172542,0.0717066463448724,12.144953096384082,High
2026-08-02 11:00:00,0.817,0.8529166666666667,0.5,0.25,0.0,0.5620916666666667,0.6398583333333334,0.596529501246274,0.07628171950748294,13.083429642560604,High
2026-08-02 12:00:00,0.8643333333333333,0.8647,0.5,0.25,0.0,0.5822033333333334,0.6552166666666668,0.6112012926013721,0.0809543803000116,14.041924164104945,High
2026-08-02 13:00:00,0.8976666666666666,0.8767833333333334,0.5,0.25,0.0,0.5967450000000001,0.6679250000000001,0.6253822194510291,0.08490156960428424,14.85160402139164,High
2026-08-02 14:00:00,0.9376666666666668,0.8892166666666667,0.5,0.25,0.0,0.6139883333333335,0.6821416666666668,0.6395720812549386,0.08933692863919712,15.761421259322486,Extreme
2026-08-02 15:00:00,0.9590000000000001,0.90185,0.5,0.25,0.0,0.6237850000000001,0.692725,0.6528603109412039,0.09264811671125442,16.440639325385522,Extreme
2026-08-02 16:00:00,0.9603333333333334,0.9145,0.5,0.25,0.0,0.6255833333333334,0.6993166666666667,0.6644743998725696,0.09456813502203075,16.83448923528836,Extreme
2026-08-02 17:00:00,0.862,0.92625,0.5,0.25,0.0,0.5874250000000001,0.685525,0.6697370499044273,0.08950311518787464,15.795510807769158,Extreme
2026-08-02 18:00:00,0.87,0.9380833333333334,0.5,0.25,0.0,0.5918083333333334,0.6930416666666668,0.6755632040949872,0.09095539495696764,16.093414350147206,Extreme
2026-08-02 19:00:00,0.831,0.9495666666666667,0.5,0.25,0.0,0.5773566666666667,0.6909833333333334,0.6794182364045738,0.08924066247530299,15.741674353908305,Extreme
2026-08-02 20:00:00,0.6703333333333333,0.9596,0.5,0.25,0.0,0.5140933333333334,0.6638666666666667,0.675530343970097,0.0790074845331136,13.642560929869456,High
2026-08-02 21:00:00,0.6943333333333332,0.96985,0.5,0.25,0.0,0.5247183333333334,0.6737916666666667,0.6750956746442395,0.08058848007206988,13.966867707091257,High
2026-08-02 22:00:00,0.607,0.9793166666666667,0.5,0.25,0.0,0.49073166666666673,0.6610583333333334,0.671586339316513,0.07497687551976394,12.815769337387476,High
2026-08-02 23:00:00,0.5466666666666666,0.9882333333333333,0.5,0.25,0.0,0.46749,0.6534500000000001,0.6670522544873847,0.07094365879744495,11.988442830245118,High
2026-08-03 00:00:00,0.509,0.9968166666666667,0.5,0.25,0.0,0.45328166666666664,0.6502083333333334,0.6628412741988718,0.06835323893223316,11.457074652765778,High
2026-08-03 01:00:00,0.4799999999999999,1.0,0.5,0.25,0.0,0.442,0.646,0.6586309556491539,0.06622863574530066,11.021258614420649,High
2026-08-03 02:00:00,0.4166666666666667,1.0,0.5,0.25,0.0,0.4166666666666667,0.6333333333333334,0.6523065500701988,0.0618332250587376,10.119635909484634,High
2026-08-03 03:00:00,0.38866666666666666,1.0,0.5,0.25,0.0,0.4054666666666667,0.6277333333333334,0.6461632458859824,0.059604467065757935,9.662454782719577,Moderate
2026-08-03 04:00:00,0.4653333333333334,1.0,0.5,0.25,0.0,0.4361333333333333,0.6430666666666667,0.6453891010811534,0.0640357217389724,10.571430100302031,High
2026-08-03 05:00:00,0.46,1.0,0.5,0.25,0.0,0.434,0.642,0.644541825810865,0.06363883717143576,10.490017881320155,High
2026-08-03 06:00:00,0.4796666666666667,1.0,0.5,0.25,0.0,0.4418666666666667,0.6459333333333334,0.6448897026914822,0.06482732239982703,10.73380972304144,High
2026-08-03 07:00:00,0.5863333333333334,1.0,0.5,0.25,0.0,0.4845333333333333,0.6672666666666667,0.6504839436852783,0.07170371242435312,12.144351266533974,High
2026-08-03 08:00:00,0.618,1.0,0.5,0.25,0.0,0.49720000000000003,0.6736000000000001,0.6562629577639587,0.07423187194155466,12.662948090575314,High
2026-08-03 09:00:00,0.6920000000000001,1.0,0.5,0.25,0.0,0.5268,0.6884000000000001,0.6642972183229691,0.07961402872435289,13.76698025114931,High
2026-08-03 10:00:00,0.7070000000000001,1.0,0.5,0.25,0.0,0.5328,0.6914,0.6710729137422269,0.08134209002052281,14.121454363184167,High
2026-08-03 11:00:00,0.856,1.0,0.5,0.25,0.0,0.5924,0.7212000000000001,0.6836046853066702,0.09213008704346524,16.334376829428766,Extreme
2026-08-03 12:00:00,0.8543333333333334,1.0,0.5,0.25,0.0,0.5917333333333334,0.7208666666666668,0.6929201806466694,0.09328045277186754,16.57034928653693,Extreme
2026-08-03 13:00:00,0.888,1.0,0.5,0.25,0.0,0.6052000000000001,0.7276,0.701590135485002,0.09659703462398155,17.250673769021855,Extreme
2026-08-03 14:00:00,0.9303333333333332,1.0,0.5,0.25,0.0,0.6221333333333333,0.7360666666666666,0.7102092682804182,0.10051970552249175,18.055324209741897,Extreme
2026-08-03 15:00:00,0.8916666666666667,1.0,0.5,0.25,0.0,0.6066666666666667,0.7283333333333334,0.714740284543647,0.09864607160509901,17.6709890471998,Extreme
2026-08-03 16:00:00,0.9076666666666665,1.0,0.5,0.25,0.0,0.6130666666666666,0.7315333333333334,0.7189385467410685,0.1002722762834348,18.00456949403791,Extreme
2026-08-03 17:00:00,0.9193333333333332,1.0,0.5,0.25,0.0,0.6177333333333334,0.7338666666666667,0.722670576722468,0.10156002771930757,18.268723634729756,Extreme
2026-08-03 18:00:00,0.8493333333333333,1.0,0.5,0.25,0.0,0.5897333333333333,0.7198666666666667,0.7219695992085178,0.09686256996474467,17.3051425568707,Extreme
2026-08-03 19:00:00,0.794,1.0,0.5,0.25,0.0,0.5676000000000001,0.7088000000000001,0.7186771994063883,0.09280206808214754,16.472219093773855,Extreme
2026-08-03 20:00:00,0.7956666666666666,1.0,0.5,0.25,0.0,0.5682666666666667,0.7091333333333334,0.7162912328881246,0.09260260811526534,16.43130422877238,Extreme
2026-08-03 21:00:00,0.6416666666666667,1.0,0.5,0.25,0.0,0.5066666666666667,0.6783333333333335,0.7068017579994268,0.08147068263873393,14.14783233615055,High
2026-08-03 22:00:00,0.5816666666666667,1.0,0.5,0.25,0.0,0.48266666666666663,0.6663333333333334,0.6966846518329035,0.07650061933559835,13.12833217140479,High
2026-08-03 23:00:00,0.522,1.0,0.5,0.25,0.0,0.45880000000000004,0.6544000000000001,0.6861134888746776,0.07161446762827223,12.126044641696867,High
2026-08-04 00:00:00,0.5143333333333333,1.0,0.5,0.25,0.0,0.45573333333333327,0.6528666666666667,0.6778017833226749,0.07027403702703938,11.851084518367053,High
2026-08-04 01:00:00,0.4496666666666666,1.0,0.5,0.25,0.0,0.4298666666666667,0.6399333333333334,0.6683346708253396,0.06535956635514047,10.842987970285225,High
2026-08-04 02:00:00,0.4796666666666667,1.0,0.5,0.25,0.0,0.4418666666666667,0.6459333333333334,0.662734336452338,0.0666211482604258,11.101774002138624,High
2026-08-04 03:00:00,0.4263333333333333,1.0,0.5,0.25,0.0,0.42053333333333326,0.6352666666666666,0.6558674190059202,0.06274771046618838,10.30722265973095,High
2026-08-04 04:00:00,0.45033333333333336,1.0,0.5,0.25,0.0,0.4301333333333333,0.6400666666666668,0.6519172309211068,0.06379357793752853,10.52175957692893,High
2026-08-04 05:00:00,0.47766666666666663,1.0,0.5,0.25,0.0,0.44106666666666666,0.6455333333333334,0.6503212565241634,0.06525496906965195,10.821532116851682,High
2026-08-04 06:00:00,0.48933333333333334,1.0,0.5,0.25,0.0,0.44573333333333337,0.6478666666666667,0.6497076090597892,0.06588316695830188,10.95039322221577,High
2026-08-04 07:00:00,0.5493333333333333,1.0,0.5,0.25,0.0,0.4697333333333333,0.6598666666666667,0.6522473734615086,0.0697019807333818,11.733739637616779,High
2026-08-04 08:00:00,0.6143333333333333,1.0,0.5,0.25,0.0,0.4957333333333333,0.6728666666666667,0.6574021967627981,0.07414138148277719,12.644385945185064,High
2026-08-04 09:00:00,0.7016666666666667,1.0,0.5,0.25,0.0,0.5306666666666667,0.6903333333333334,0.6656349809054319,0.08035989246144312,13.919977940808845,High
2026-08-04 10:00:00,0.7326666666666667,1.0,0.5,0.25,0.0,0.5430666666666667,0.6965333333333334,0.6733595690124073,0.08319200357915524,14.500923811108768,High
2026-08-04 11:00:00,0.9126666666666667,1.0,0.5,0.25,0.0,0.6150666666666668,0.7325333333333334,0.6881530100926389,0.09629164501190608,17.188029746032015,Extreme
2026-08-04 12:00:00,0.8140000000000001,1.0,0.5,0.25,0.0,0.5756000000000001,0.7128000000000001,0.6943147575694791,0.09091982318896573,16.08611757722374,Extreme
2026-08-04 13:00:00,0.9179999999999999,1.0,0.5,0.25,0.0,0.6172,0.7336,0.7041360681771094,0.09886985774095244,17.71689389557999,Extreme
2026-08-04 14:00:00,0.9486666666666667,1.0,0.5,0.25,0.0,0.6294666666666667,0.7397333333333334,0.7130353844661654,0.10210928151863126,18.381391080744873,Extreme
2026-08-04 15:00:00,0.8823333333333333,1.0,0.5,0.25,0.0,0.6029333333333333,0.7264666666666667,0.7163932050162908,0.09826574555020455,17.592973446195806,Extreme
2026-08-04 16:00:00,0.955,1.0,0.5,0.25,0.0,0.632,0.7410000000000001,0.7225449037622181,0.10388750626293172,18.74615513085779,Extreme
2026-08-04 17:00:00,0.9406666666666667,1.0,0.5,0.25,0.0,0.6262666666666667,0.7381333333333334,0.726442011154997,0.10350030983398231,18.666730222355344,Extreme
2026-08-04 18:00:00,0.8460000000000001,1.0,0.5,0.25,0.0,0.5884,0.7192000000000001,0.7246315083662478,0.09699989834141429,17.33331248029011,Extreme
2026-08-04 19:00:00,0.7993333333333332,1.0,0.5,0.25,0.0,0.5697333333333333,0.7098666666666666,0.7209402979413525,0.09344419609080311,16.60393765965192,Extreme
2026-08-04 20:00:00,0.7726666666666666,1.0,0.5,0.25,0.0,0.5590666666666667,0.7045333333333333,0.7168385567893477,0.09117302341473796,16.138056085074453,Extreme
2026-08-04 21:00:00,0.6803333333333333,1.0,0.5,0.25,0.0,0.5221333333333333,0.6860666666666667,0.7091455842586775,0.08423609460802842,14.715096329851981,High
2026-08-04 22:00:00,0.5953333333333333,1.0,0.5,0.25,0.0,0.48813333333333325,0.6690666666666667,0.6991258548606748,0.07763815922422954,13.361673687021442,High
2026-08-04 23:00:00,0.5526666666666666,1.0,0.5,0.25,0.0,0.4710666666666667,0.6605333333333334,0.6894777244788395,0.07388971895104011,12.592762861751819,High
2026-08-05 00:00:00,0.48333333333333334,1.0,0.5,0.25,0.0,0.4433333333333333,0.6466666666666667,0.6787749600257962,0.06846011117660177,11.478997164431131,High
2026-08-05 01:00:00,0.5023333333333333,1.0,0.5,0.25,0.0,0.45093333333333335,0.6504666666666667,0.6716978866860137,0.06890769500075365,11.570809230923826,High
2026-08-05 02:00:00,0.4076666666666667,1.0,0.5,0.25,0.0,0.41306666666666664,0.6315333333333334,0.6616567483478437,0.06217764906024246,10.190286986716401,High
2026-08-05 03:00:00,0.42866666666666664,1.0,0.5,0.25,0.0,0.4214666666666666,0.6357333333333334,0.6551758945942161,0.06282066708530695,10.322188120062965,High
2026-08-05 04:00:00,0.46799999999999997,1.0,0.5,0.25,0.0,0.4372,0.6436000000000001,0.6522819209456621,0.06487791670301837,10.744188041644795,High
2026-08-05 05:00:00,0.44599999999999995,1.0,0.5,0.25,0.0,0.42839999999999995,0.6392,0.6490114407092465,0.06325330402296388,10.410934158556692,High
2026-08-05 06:00:00,0.5316666666666666,1.0,0.5,0.25,0.0,0.4626666666666666,0.6563333333333334,0.6508419138652682,0.0685054503804119,11.488297513930647,High
2026-08-05 07:00:00,0.5803333333333334,1.0,0.5,0.25,0.0,0.48213333333333336,0.6660666666666667,0.6546481020656179,0.07180529529110133,12.165188777661811,High
2026-08-05 08:00:00,0.669,1.0,0.5,0.25,0.0,0.5176000000000001,0.6838000000000001,0.6619360765492134,0.07794562075797609,13.424742719584838,High
2026-08-05 09:00:00,0.673,1.0,0.5,0.25,0.0,0.5192000000000001,0.6846000000000001,0.66760205741191,0.07885581981737999,13.611450218949741,High
2026-08-05 10:00:00,0.7026666666666667,1.0,0.5,0.25,0.0,0.5310666666666667,0.6905333333333334,0.673334876392266,0.08135074865100199,14.123230492513228,High
2026-08-05 11:00:00,0.8386666666666666,1.0,0.5,0.25,0.0,0.5854666666666667,0.7177333333333333,0.6844344906275328,0.0911623393998134,16.135864492269416,Extreme
2026-08-05 12:00:00,0.8546666666666667,1.0,0.5,0.25,0.0,0.5918666666666668,0.7209333333333334,0.693559201303983,0.09338751526918089,16.592310824447363,Extreme
2026-08-05 13:00:00,0.8836666666666666,1.0,0.5,0.25,0.0,0.6034666666666667,0.7267333333333333,0.7018527343113206,0.09635642608995545,17.201318172298553,Extreme
2026-08-05 14:00:00,0.8986666666666667,1.0,0.5,0.25,0.0,0.6094666666666667,0.7297333333333333,0.7088228840668237,0.09828089189310668,17.596080388329575,Extreme
2026-08-05 15:00:00,0.9483333333333335,1.0,0.5,0.25,0.0,0.6293333333333334,0.7396666666666667,0.7165338297167845,0.1025885368466511,18.47969986597971,Extreme
2026-08-05 16:00:00,0.9483333333333335,1.0,0.5,0.25,0.0,0.6293333333333334,0.7396666666666667,0.722317038954255,0.10341653819054389,18.649546295496183,Extreme
2026-08-05 17:00:00,0.9273333333333333,1.0,0.5,0.25,0.0,0.6209333333333333,0.7354666666666667,0.7256044458823578,0.10250057710238226,18.461656841514312,Extreme
2026-08-05 18:00:00,0.8436666666666668,1.0,0.5,0.25,0.0,0.5874666666666668,0.7187333333333334,0.7238866677451017,0.09674648796190921,17.281330863981378,Extreme
2026-08-05 19:00:00,0.7903333333333333,1.0,0.5,0.25,0.0,0.5661333333333334,0.7080666666666667,0.719931667475493,0.09272383908972862,16.45617212096997,Extreme
2026-08-05 20:00:00,0.7193333333333333,1.0,0.5,0.25,0.0,0.5377333333333334,0.6938666666666667,0.7134154172732864,0.0872751994618493,15.338502453712678,Extreme
2026-08-05 21:00:00,0.6826666666666666,1.0,0.5,0.25,0.0,0.5230666666666667,0.6865333333333334,0.7066948962882982,0.08409504370354948,14.68616281098451,High
2026-08-05 22:00:00,0.6053333333333334,1.0,0.5,0.25,0.0,0.49213333333333337,0.6710666666666667,0.6977878388828902,0.0781245590372747,13.46144800764609,High
2026-08-05 23:00:00,0.6083333333333333,1.0,0.5,0.25,0.0,0.49333333333333335,0.6716666666666667,0.6912575458288344,0.07758213856018951,13.350182268756823,High
2026-08-06 00:00:00,0.5023333333333333,1.0,0.5,0.25,0.0,0.45093333333333335,0.6504666666666667,0.6810598260382925,0.06986811139373234,11.76781772179125,High
2026-08-06 01:00:00,0.48500000000000004,1.0,0.5,0.25,0.0,0.444,0.647,0.6725448695287195,0.06793375727109595,11.371027132532504,High
2026-08-06 02:00:00,0.4926666666666667,1.0,0.5,0.25,0.0,0.44706666666666667,0.6485333333333334,0.666541985479873,0.0677924300785251,11.342036939184636,High
2026-08-06 03:00:00,0.39299999999999996,1.0,0.5,0.25,0.0,0.40719999999999995,0.6286,0.6570564891099048,0.060868399038163344,9.92172287962325,Moderate
2026-08-06 04:00:00,0.397,1.0,0.5,0.25,0.0,0.4088,0.6294000000000001,0.6501423668324285,0.060464540400149515,9.838880082081952,Moderate
2026-08-06 05:00:00,0.44200000000000006,1.0,0.5,0.25,0.0,0.4268,0.6384000000000001,0.6472067751243213,0.06284183624424623,10.326530511640254,High
2026-08-06 06:00:00,0.521,1.0,0.5,0.25,0.0,0.4584,0.6542000000000001,0.648955081343241,0.06767692961296122,11.318344535992043,High
2026-08-06 07:00:00,0.5663333333333332,1.0,0.5,0.25,0.0,0.4765333333333333,0.6632666666666667,0.6525329776740973,0.07074197015361912,11.947070800742383,High
2026-08-06 08:00:00,0.6523333333333333,1.0,0.5,0.25,0.0,0.5109333333333334,0.6804666666666668,0.6595163999222398,0.07666042761656136,13.161113357243357,High
2026-08-06 09:00:00,0.7246666666666666,1.0,0.5,0.25,0.0,0.5398666666666667,0.6949333333333334,0.6683706332750132,0.08208905838862603,14.274678643820724,High
2026-08-06 10:00:00,0.7070000000000001,1.0,0.5,0.25,0.0,0.5328,0.6914,0.6741279749562599,0.08171240010039818,14.197415405209883,High
2026-08-06 11:00:00,0.8423333333333335,1.0,0.5,0.25,0.0,0.5869333333333334,0.7184666666666668,0.6852126478838616,0.09149461763820435,16.204024130913712,Extreme
2026-08-06 12:00:00,0.8936666666666667,1.0,0.5,0.25,0.0,0.6074666666666667,0.7287333333333335,0.6960928192462296,0.09619909949606993,17.16904605047588,Extreme
2026-08-06 13:00:00,0.9206666666666666,1.0,0.5,0.25,0.0,0.6182666666666667,0.7341333333333334,0.7056029477680055,0.099247053020274,17.79426728621005,Extreme
2026-08-06 14:00:00,0.8650000000000001,1.0,0.5,0.25,0.0,0.5960000000000001,0.7230000000000001,0.7099522108260041,0.09626242026589792,17.182034926338034,Extreme
2026-08-06 15:00:00,0.9106666666666666,1.0,0.5,0.25,0.0,0.6142666666666667,0.7321333333333334,0.7154974914528365,0.09998767394140426,17.9461895264419,Extreme
2026-08-06 16:00:00,0.8783333333333334,1.0,0.5,0.25,0.0,0.6013333333333334,0.7256666666666667,0.718039785256294,0.09823023608901188,17.585689454156284,Extreme
2026-08-06 17:00:00,0.8886666666666666,1.0,0.5,0.25,0.0,0.6054666666666667,0.7277333333333333,0.7204631722755539,0.09923923904753315,17.7926644200068,Extreme
2026-08-06 18:00:00,0.8766666666666666,1.0,0.5,0.25,0.0,0.6006666666666667,0.7253333333333334,0.7216807125399988,0.0986188721697784,17.66540967585198,Extreme
2026-08-06 19:00:00,0.837,1.0,0.5,0.25,0.0,0.5848,0.7174,0.7206105344049991,0.09587146671830989,17.101839326832796,Extreme
2026-08-06 20:00:00,0.7233333333333333,1.0,0.5,0.25,0.0,0.5393333333333333,0.6946666666666668,0.714124567470416,0.08762189422100759,15.409619327386173,Extreme
2026-08-06 21:00:00,0.7086666666666667,1.0,0.5,0.25,0.0,0.5334666666666668,0.6917333333333334,0.7085267589361454,0.08598940539594005,15.074749824808215,Extreme
2026-08-06 22:00:00,0.685,1.0,0.5,0.25,0.0,0.524,0.687,0.7031450692021091,0.08382192369958341,14.630138194786342,High
2026-08-06 23:00:00,0.6133333333333333,1.0,0.5,0.25,0.0,0.49533333333333335,0.6726666666666667,0.6955254685682485,0.07837760584384164,13.513355044890593,High
2026-08-07 00:00:00,0.5056666666666667,0.008549999999999947,0.5,0.25,0.2,0.3331216666666667,0.11540833333333331,0.5504961847595197,0.041719451992566645,5.993733742064952,Moderate
2026-08-07 01:00:00,0.4306666666666667,0.0,0.5,0.25,0.2,0.30226666666666663,0.09613333333333332,0.43690547190297313,0.030044096045722543,3.5987889324559057,Low
2026-08-07 02:00:00,0.42699999999999994,0.0,0.5,0.25,0.2,0.30079999999999996,0.09539999999999998,0.35152910392722986,0.024055839639948187,2.3704286440919358,Low
2026-08-07 03:00:00,0.46799999999999997,0.008216666666666539,0.5,0.25,0.0,0.33802166666666666,0.14770833333333327,0.3005739112787557,0.023114112486684265,2.177253843422413,Low
2026-08-07 04:00:00,0.37866666666666665,0.015616666666666723,0.5,0.25,0.0,0.30302833333333334,0.1335416666666667,0.25881585012573344,0.017842491872626057,1.0958957687438062,Low
2026-08-07 05:00:00,0.45666666666666667,0.023733333333333384,0.5,0.25,0.0,0.33504,0.15320000000000003,0.2324118875943001,0.017714805931457703,1.0697037808118364,Low
2026-08-07 06:00:00,0.49200000000000005,0.0321499999999999,0.5,0.25,0.0,0.350015,0.16447499999999998,0.21542766569572508,0.017154163027931296,0.9547001082935991,Low
2026-08-07 07:00:00,0.5903333333333334,0.04146666666666665,0.5,0.25,0.0,0.39028,0.18880000000000002,0.20877074927179384,0.018536483425868524,1.2382530104345688,Low
2026-08-07 08:00:00,0.588,0.05076666666666674,0.5,0.25,0.0,0.39027666666666666,0.19298333333333334,0.2048238952871787,0.018185892066697462,1.166336834194351,Low
2026-08-07 09:00:00,0.6703333333333333,0.060800000000000076,0.5,0.25,0.0,0.4242133333333334,0.2144666666666667,0.2072345881320507,0.01999990615656162,1.53844228852546,Low
2026-08-07 10:00:00,0.7976666666666666,0.07196666666666662,0.5,0.25,0.0,0.4762633333333333,0.24551666666666666,0.21680510776570466,0.023490813552612556,2.2545258569461653,Low
2026-08-07 11:00:00,0.8409999999999999,0.08355000000000001,0.5,0.25,0.0,0.494755,0.259975,0.2275975808242785,0.025617646850412873,2.6907993539308457,Low
2026-08-07 12:00:00,0.85,0.09520000000000006,0.5,0.25,0.0,0.49952,0.26760000000000006,0.2375981856182089,0.027000847892201755,2.974532900964462,Low
2026-08-07 13:00:00,0.9286666666666666,0.10754999999999992,0.5,0.25,0.0,0.5322216666666667,0.2895083333333333,0.25057572254699,0.030339816024737145,3.6594494409717218,Low
2026-08-07 14:00:00,0.9,0.11964999999999992,0.5,0.25,0.0,0.5219650000000001,0.289825,0.2603880419102425,0.030920308577267148,3.7785248363624917,Low
2026-08-07 15:00:00,0.919,0.13191666666666668,0.5,0.25,0.0,0.5307916666666668,0.29975833333333335,0.27023061476601523,0.03263172603509255,4.129584827711291,Low
2026-08-07 16:00:00,0.9473333333333334,0.14444999999999997,0.5,0.25,0.0,0.5433783333333334,0.31169166666666664,0.2805958777411781,0.03468686138808917,4.5511510539670095,Low
2026-08-07 17:00:00,0.8686666666666667,0.15626666666666666,0.5,0.25,0.0,0.5130933333333334,0.30186666666666667,0.28591357497255027,0.033374329449350836,4.281913733200171,Low
2026-08-07 18:00:00,0.8823333333333333,0.1681999999999999,0.5,0.25,0.0,0.5197533333333334,0.3105666666666666,0.29207684789607935,0.03453630072699176,4.520266815793181,Low
2026-08-07 19:00:00,0.7723333333333334,0.1791666666666667,0.5,0.25,0.0,0.47685000000000005,0.29405000000000003,0.2925701359220595,0.03173899576903375,3.946460670571026,Low
2026-08-07 20:00:00,0.7590000000000001,0.1899833333333334,0.5,0.25,0.0,0.4725983333333334,0.29679166666666673,0.2936255186082113,0.031569476738430614,3.9116875360883308,Low
2026-08-07 21:00:00,0.669,0.20001666666666662,0.5,0.25,0.0,0.4376016666666666,0.28380833333333333,0.29117122228949177,0.028987370266229842,3.382024669995865,Low
2026-08-07 22:00:00,0.5596666666666666,0.20904999999999996,0.5,0.25,0.0,0.3947716666666667,0.2664583333333333,0.28499300005045214,0.02559537926815197,2.686231644749122,Low
2026-08-07 23:00:00,0.5456666666666667,0.21794999999999998,0.5,0.25,0.0,0.3900616666666667,0.26810833333333334,0.28077183337117245,0.02491541991070295,2.5467528021954773,Low
2026-08-08 00:00:00,0.45799999999999996,0.2260833333333333,0.5,0.25,0.0,0.35580833333333334,0.25464166666666666,0.274239291695046,0.022198682258600156,1.9894732838154163,Low
2026-08-08 01:00:00,0.48733333333333334,0.2344666666666666,0.5,0.25,0.0,0.36838,0.2647,0.2718544687712845,0.022783157944357212,2.109365732175838,Low
2026-08-08 02:00:00,0.42433333333333334,0.2422833333333333,0.5,0.25,0.0,0.34396166666666667,0.25600833333333334,0.2678929349117967,0.02096296483656067,1.7359927869868037,Low
2026-08-08 03:00:00,0.44200000000000006,0.25026666666666664,0.5,0.25,0.0,0.3518266666666667,0.26353333333333334,0.2668030345171809,0.021355066071141387,1.8164238094648997,Low
2026-08-08 04:00:00,0.44299999999999995,0.2582500000000001,0.5,0.25,0.0,0.353025,0.26772500000000005,0.2670335258878857,0.021446313633419863,1.8351412581374076,Low
2026-08-08 05:00:00,0.454,0.2663333333333333,0.5,0.25,0.0,0.35823333333333335,0.27396666666666664,0.26876681108258094,0.021903979966842436,1.9290215316599868,Low
2026-08-08 06:00:00,0.5079999999999999,0.2749166666666667,0.5,0.25,0.0,0.3806916666666666,0.2890583333333333,0.273839691645269,0.0237165311592126,2.3008269044538663,Low
2026-08-08 07:00:00,0.6046666666666667,0.28435,0.5,0.25,0.0,0.42030166666666663,0.3131083333333333,0.2836568520672851,0.027122879348405755,2.99956499454477,Low
2026-08-08 08:00:00,0.6246666666666666,0.29398333333333326,0.5,0.25,0.0,0.42926499999999995,0.32192499999999996,0.2932238890504638,0.028635596246813767,3.309865896782311,Low
2026-08-08 09:00:00,0.6796666666666666,0.30410000000000004,0.5,0.25,0.0,0.4522766666666666,0.33798333333333336,0.3044137501211812,0.03132202623374994,3.8609284582051155,Low
2026-08-08 10:00:00,0.7063333333333334,0.3144499999999999,0.5,0.25,0.0,0.4639783333333333,0.3484916666666666,0.31543322925755257,0.033295576857468034,4.265759355378059,Low
2026-08-08 11:00:00,0.7466666666666666,0.3251666666666667,0.5,0.25,0.0,0.48118333333333335,0.36191666666666666,0.3270540886098311,0.03580235216229806,4.779969674317551,Low
2026-08-08 12:00:00,0.8979999999999999,0.33725000000000005,0.5,0.25,0.0,0.542925,0.398225,0.3448468164573733,0.04259390540521466,6.173108801069675,Moderate
2026-08-08 13:00:00,0.9890000000000001,0.3501500000000001,0.5,0.25,0.0,0.5806150000000001,0.42287500000000006,0.36435386234303,0.04812746979592789,7.308198932498028,Moderate
2026-08-08 14:00:00,0.9496666666666668,0.3627,0.5,0.25,0.0,0.5661366666666668,0.4212833333333334,0.3785862300906059,0.048760426794487444,7.438036265535887,Moderate
2026-08-08 15:00:00,0.888,0.37468333333333326,0.5,0.25,0.0,0.5426683333333334,0.4149416666666666,0.387675089234621,0.0478612212600802,7.253583848221581,Moderate
2026-08-08 16:00:00,0.908,0.3868666666666667,0.5,0.25,0.0,0.5518866666666667,0.4250333333333333,0.3970146502592991,0.04984686341849694,7.6608950602045,Moderate
2026-08-08 17:00:00,0.9593333333333334,0.3995000000000001,0.5,0.25,0.0,0.5736833333333334,0.4416166666666667,0.40816515436114104,0.05327084178425418,8.363249596770087,Moderate
2026-08-08 18:00:00,0.85,0.4111500000000001,0.5,0.25,0.0,0.5311150000000001,0.4255750000000001,0.4125176157708558,0.04984395177128142,7.660297799237212,Moderate
2026-08-08 19:00:00,0.9066666666666667,0.4233,0.5,0.25,0.0,0.5549966666666667,0.44298333333333334,0.4201340451614751,0.053046856275549836,8.317303851394838,Moderate
2026-08-08 20:00:00,0.7626666666666667,0.4341666666666667,0.5,0.25,0.0,0.49848333333333333,0.4196166666666667,0.42000470053777306,0.047630615564290296,7.206280115751857,Moderate
2026-08-08 21:00:00,0.7043333333333333,0.4445166666666668,0.5,0.25,0.0,0.476185,0.413125,0.41828477540332976,0.04531366288891137,6.731007772084383,Moderate
2026-08-08 22:00:00,0.5943333333333333,0.45386666666666675,0.5,0.25,0.0,0.43312,0.39580000000000004,0.41266358155249727,0.040661723475559,5.776763789858256,Moderate
2026-08-08 23:00:00,0.5756666666666667,0.4630500000000001,0.5,0.25,0.0,0.4265716666666666,0.3966583333333334,0.4086622694977063,0.03965865207927783,5.571005554723657,Moderate
2026-08-09 00:00:00,0.537,0.4718833333333333,0.5,0.25,0.0,0.41198833333333335,0.39334166666666665,0.4048321187899464,0.03794384000226639,5.219249231234131,Moderate
2026-08-09 01:00:00,0.41733333333333333,0.47963333333333324,0.5,0.25,0.0,0.3648966666666667,0.3732833333333333,0.39694492242579316,0.032951982482380446,4.195278457924194,Low
2026-08-09 02:00:00,0.4616666666666667,0.48778333333333335,0.5,0.25,0.0,0.38344500000000004,0.386225,0.3942649418193449,0.034393204440121505,4.490913731306975,Low
2026-08-09 03:00:00,0.4473333333333334,0.4958166666666667,0.5,0.25,0.0,0.37851500000000005,0.387375,0.3925424563645087,0.03380267979060973,4.369780469868663,Low
2026-08-09 04:00:00,0.48200000000000004,0.5041500000000001,0.5,0.25,0.0,0.39321500000000004,0.3984750000000001,0.3940255922733816,0.03524811591796444,4.666280188300397,Low
2026-08-09 05:00:00,0.4496666666666666,0.5122,0.5,0.25,0.0,0.38108666666666663,0.3960333333333333,0.3945275275383695,0.034204438535958316,4.4521925201965775,Low
2026-08-09 06:00:00,0.517,0.52085,0.5,0.25,0.0,0.408885,0.413825,0.39935189565377716,0.037148247466874784,5.056050762435853,Moderate
2026-08-09 07:00:00,0.5359999999999999,0.5296666666666667,0.5,0.25,0.0,0.4173666666666666,0.4220333333333333,0.4050222550736662,0.03845723438964508,5.324560900440016,Moderate
2026-08-09 08:00:00,0.5666666666666667,0.5387666666666666,0.5,0.25,0.0,0.43054333333333333,0.43271666666666664,0.4119458579719163,0.040349523497030186,5.7127227686215765,Moderate
2026-08-09 09:00:00,0.7013333333333333,0.5490833333333334,0.5,0.25,0.0,0.4854416666666666,0.4648083333333333,0.4251614768122705,0.04695397431866275,7.067481911520563,Moderate
2026-08-09 10:00:00,0.8033333333333333,0.5603166666666667,0.5,0.25,0.0,0.5273650000000001,0.490825,0.4415773576092029,0.052978480826993836,8.303278118357708,Moderate
2026-08-09 11:00:00,0.8320000000000001,0.5718,0.5,0.25,0.0,0.5399800000000001,0.5023000000000001,0.4567580182069022,0.0561106442877351,8.945773187227713,Moderate
2026-08-09 12:00:00,0.8599999999999999,0.58355,0.5,0.25,0.0,0.552355,0.513775,0.4710122636551767,0.05918776019776055,9.576976450822677,Moderate
2026-08-09 13:00:00,0.9576666666666666,0.5961666666666666,0.5,0.25,0.0,0.5926833333333333,0.5396166666666666,0.48816336440804914,0.06582173098150132,10.937790970564373,High
2026-08-09 14:00:00,0.9566666666666668,0.6087666666666667,0.5,0.25,0.0,0.5935433333333334,0.5457166666666667,0.5025516899727035,0.06786011169180388,11.355920347036694,High
2026-08-09 15:00:00,0.9273333333333333,0.6211166666666668,0.5,0.25,0.0,0.583045,0.5460250000000001,0.5134200174795277,0.06810143660578241,11.405422893493828,High
2026-08-09 16:00:00,0.8663333333333334,0.6329166666666667,0.5,0.25,0.0,0.5598250000000001,0.539725,0.5199962631096458,0.06622682156894383,11.020886475680784,High
2026-08-09 17:00:00,0.8826666666666666,0.6448666666666667,0.5,0.25,0.0,0.5675533333333334,0.5489666666666667,0.527238863998901,0.0680762297500413,11.400252256418728,High
2026-08-09 18:00:00,0.8469999999999999,0.6564833333333333,0.5,0.25,0.0,0.5544483333333333,0.5476416666666667,0.5323395646658424,0.06714771345017385,11.209787374394637,High
2026-08-09 19:00:00,0.8123333333333332,0.6678,0.5,0.25,0.0,0.5417133333333334,0.5463666666666667,0.5358463401660485,0.06603758686202345,10.982069099902246,High
2026-08-09 20:00:00,0.7846666666666666,0.67885,0.5,0.25,0.0,0.5317516666666667,0.5463583333333334,0.5384743384578697,0.06514112762707619,10.79818002606691,High
2026-08-09 21:00:00,0.6920000000000001,0.6890833333333333,0.5,0.25,0.0,0.49570833333333336,0.5329416666666666,0.5370911705100689,0.06056972944331297,9.860457321705224,Moderate
2026-08-09 22:00:00,0.5920000000000001,0.6984166666666667,0.5,0.25,0.0,0.45664166666666667,0.5176083333333333,0.5322204612158851,0.055290243745947154,8.777485896604544,Moderate
2026-08-09 23:00:00,0.5666666666666667,0.7075166666666666,0.5,0.25,0.0,0.4474183333333333,0.5170916666666666,0.5284382625785804,0.053788499927087105,8.469435882479408,Moderate
2026-08-10 00:00:00,0.46199999999999997,0.7156666666666667,0.5,0.25,0.0,0.4063666666666666,0.5002333333333333,0.5213870302672686,0.04820140541874439,7.323365214101414,Moderate
2026-08-10 01:00:00,0.5106666666666667,0.7242666666666666,0.5,0.25,0.0,0.4266933333333333,0.5142666666666666,0.5196069393671181,0.05043966586333376,7.7824955617094895,Moderate
2026-08-10 02:00:00,0.4583333333333333,0.7323833333333334,0.5,0.25,0.0,0.4065716666666667,0.5078583333333334,0.5166697878586719,0.04778940001426804,7.238851284978059,Moderate
2026-08-10 03:00:00,0.41433333333333333,0.7401166666666666,0.5,0.25,0.0,0.389745,0.5029250000000001,0.513233590894004,0.04550687638837877,6.77064131043667,Moderate
2026-08-10 04:00:00,0.45199999999999996,0.7481833333333334,0.5,0.25,0.0,0.40561833333333336,0.5144916666666667,0.5135481098371697,0.047389280210689784,7.1567754278338,Moderate
2026-08-10 05:00:00,0.46099999999999997,0.7563333333333333,0.5,0.25,0.0,0.4100333333333333,0.5203666666666666,0.515252749044544,0.04806410750047675,7.295201538559334,Moderate
2026-08-10 06:00:00,0.5626666666666666,0.7654000000000001,0.5,0.25,0.0,0.45160666666666666,0.5452333333333333,0.5227478951167414,0.053707388830706485,8.45279770886287,Moderate
2026-08-10 07:00:00,0.6026666666666666,0.7748166666666667,0.5,0.25,0.0,0.4685483333333333,0.5579416666666668,0.5315463380042227,0.05666004679819921,9.058471138092145,Moderate
2026-08-10 08:00:00,0.5736666666666667,0.7839833333333333,0.5,0.25,0.0,0.457865,0.556725,0.537841003503167,0.0560238249181924,8.927964085783056,Moderate
2026-08-10 09:00:00,0.6596666666666666,0.7939166666666667,0.5,0.25,0.0,0.4932583333333333,0.5788916666666667,0.548103669294042,0.06150614979824398,10.05254354835774,High
2026-08-10 10:00:00,0.7673333333333334,0.8048333333333333,0.5,0.25,0.0,0.5374166666666668,0.6058833333333333,0.5625485853038648,0.06877847921309184,11.544303428326533,High
2026-08-10 11:00:00,0.8286666666666667,0.8162833333333332,0.5,0.25,0.0,0.563095,0.623875,0.5778801889778986,0.07402882874034598,12.621298203147894,High
2026-08-10 12:00:00,0.8659999999999999,0.8280833333333334,0.5,0.25,0.0,0.5792083333333333,0.6372416666666667,0.5927205584000906,0.0781027262386551,13.45696948485233,High
2026-08-10 13:00:00,0.889,0.8400833333333333,0.5,0.25,0.0,0.5896083333333334,0.6478416666666666,0.6065008354667347,0.08135353288899558,14.123801618255502,High
2026-08-10 14:00:00,0.9286666666666666,0.8524333333333333,0.5,0.25,0.0,0.6067100000000001,0.66195,0.6203631266000511,0.08562656660274012,15.00032135440823,Extreme
2026-08-10 15:00:00,0.9626666666666668,0.8651,0.5,0.25,0.0,0.6215766666666668,0.6750833333333334,0.6340431782833716,0.08965921630122668,15.827531548969576,Extreme
2026-08-10 16:00:00,0.9356666666666666,0.8775166666666666,0.5,0.25,0.0,0.6120183333333334,0.6758916666666667,0.6445053003791954,0.08973716109598573,15.843520224817585,Extreme
2026-08-10 17:00:00,0.9053333333333332,0.8896666666666667,0.5,0.25,0.0,0.6011000000000001,0.6759000000000001,0.6523539752843965,0.08920956920863506,15.735296247925138,Extreme
2026-08-10 18:00:00,0.8203333333333334,0.90105,0.5,0.25,0.0,0.5682383333333334,0.6645916666666667,0.6554133981299641,0.0847280563669784,14.816011562457108,High
2026-08-10 19:00:00,0.7826666666666665,0.9121,0.5,0.25,0.0,0.5542766666666666,0.6625833333333333,0.6572058819308064,0.08287230896270105,14.435345428246368,High
2026-08-10 20:00:00,0.7460000000000001,0.9228166666666666,0.5,0.25,0.0,0.5406816666666667,0.6606083333333334,0.6580564947814381,0.08094429123672998,14.03985461266256,High
2026-08-10 21:00:00,0.711,0.9332166666666667,0.5,0.25,0.0,0.5277216666666668,0.6588083333333334,0.6582444544194119,0.0790266432774689,13.64649092871157,High
2026-08-10 22:00:00,0.6183333333333334,0.9427666666666666,0.5,0.25,0.0,0.49161000000000005,0.64505,0.654945840814559,0.07324997789264732,12.461533926696887,High
2026-08-10 23:00:00,0.5376666666666666,0.9516166666666667,0.5,0.25,0.0,0.4602283333333333,0.6333416666666667,0.6495447972775859,0.06800860418088125,11.386380344796155,High
2026-08-11 00:00:00,0.517,0.9602666666666667,0.5,0.25,0.0,0.45282666666666666,0.6335333333333334,0.6455419312915227,0.06650248171391883,11.077432146444888,High
2026-08-11 01:00:00,0.5496666666666666,0.9692166666666666,0.5,0.25,0.0,0.4667883333333333,0.6445416666666667,0.6452918651353087,0.06852634748961565,11.49258410043398,High
2026-08-11 02:00:00,0.3723333333333334,0.9765666666666667,0.5,0.25,0.0,0.39659000000000005,0.6127500000000001,0.6371563988514816,0.05748694229016582,9.228090726187862,Moderate
2026-08-11 03:00:00,0.45799999999999996,0.9846833333333334,0.5,0.25,0.0,0.4316683333333334,0.6339416666666667,0.6363527158052779,0.06249272944546556,10.254918860608317,High
2026-08-11 04:00:00,0.4883333333333333,0.9930833333333333,0.5,0.25,0.0,0.44464166666666666,0.6442083333333334,0.6383166201872917,0.06456954273340276,10.680931842749285,High
2026-08-11 05:00:00,0.47766666666666663,1.0,0.5,0.25,0.0,0.44106666666666666,0.6455333333333334,0.6401207984738021,0.06423142790765723,10.61157495541687,High
2026-08-11 06:00:00,0.5166666666666667,1.0,0.5,0.25,0.0,0.4566666666666667,0.6533333333333334,0.6434239321886849,0.0668463846883028,11.147976346318522,High
2026-08-11 07:00:00,0.529,1.0,0.5,0.25,0.0,0.46159999999999995,0.6558,0.6465179491415137,0.06789343591114691,11.362756084337828,High
2026-08-11 08:00:00,0.654,1.0,0.5,0.25,0.0,0.5116,0.6808000000000001,0.6550884618561353,0.07624509098697374,13.075916099892048,High
2026-08-11 09:00:00,0.727,1.0,0.5,0.25,0.0,0.5408000000000001,0.6954,0.6651663463921016,0.08183674592931305,14.222922241910368,High
2026-08-11 10:00:00,0.7536666666666666,1.0,0.5,0.25,0.0,0.5514666666666667,0.7007333333333334,0.6740580931274096,0.08456642961964064,14.782857357875002,High
2026-08-11 11:00:00,0.8126666666666668,1.0,0.5,0.25,0.0,0.5750666666666667,0.7125333333333335,0.6836769031788906,0.08944385399678685,15.783354666007558,Extreme
2026-08-11 12:00:00,0.8909999999999999,1.0,0.5,0.25,0.0,0.6064,0.7282000000000001,0.694807677384168,0.0958528879412103,17.098028295632883,Extreme
2026-08-11 13:00:00,0.8936666666666667,1.0,0.5,0.25,0.0,0.6074666666666667,0.7287333333333335,0.7032890913714593,0.0971936147087472,17.373049171025066,Extreme
2026-08-11 14:00:00,0.9460000000000001,1.0,0.5,0.25,0.0,0.6284000000000001,0.7392000000000001,0.7122668185285945,0.10182637664366641,18.323359311521315,Extreme
2026-08-11 15:00:00,0.9476666666666667,1.0,0.5,0.25,0.0,0.6290666666666667,0.7395333333333334,0.7190834472297791,0.10290994968891297,18.545630705418045,Extreme
2026-08-11 16:00:00,0.9296666666666666,1.0,0.5,0.25,0.0,0.6218666666666667,0.7359333333333333,0.7232959187556678,0.10232804900731851,18.426266463039696,Extreme
2026-08-11 17:00:00,0.9776666666666666,1.0,0.5,0.25,0.0,0.6410666666666667,0.7455333333333334,0.7288552724000842,0.106298196540888,19.240655700694973,Extreme
2026-08-11 18:00:00,0.9196666666666667,1.0,0.5,0.25,0.0,0.6178666666666668,0.7339333333333334,0.7301247876333965,0.1026297473987592,18.488153312565988,Extreme
2026-08-11 19:00:00,0.7996666666666667,1.0,0.5,0.25,0.0,0.5698666666666667,0.7099333333333334,0.7250769240583806,0.09400235612724075,16.71843202610067,Extreme
2026-08-11 20:00:00,0.7193333333333333,1.0,0.5,0.25,0.0,0.5377333333333334,0.6938666666666667,0.7172743597104522,0.0877472806122717,15.435339612773681,Extreme
2026-08-11 21:00:00,0.6733333333333333,1.0,0.5,0.25,0.0,0.5193333333333334,0.6846666666666668,0.7091224364495058,0.0837816339957817,14.62187364016035,High
2026-08-11 22:00:00,0.5966666666666666,1.0,0.5,0.25,0.0,0.48866666666666664,0.6693333333333333,0.6991751606704627,0.07772846790366977,13.38019854434252,High
2026-08-11 23:00:00,0.5976666666666667,1.0,0.5,0.25,0.0,0.4890666666666667,0.6695333333333334,0.6917647038361804,0.07696758565469032,13.22412013429545,High
2026-08-12 00:00:00,0.45033333333333336,1.0,0.5,0.25,0.0,0.4301333333333333,0.6400666666666668,0.678840194543802,0.06642813351714859,11.06218123428689,High
2026-08-12 01:00:00,0.4813333333333334,1.0,0.5,0.25,0.0,0.4425333333333334,0.6462666666666668,0.6706968125745181,0.06752329586835638,11.28682992171413,High
2026-08-12 02:00:00,0.45933333333333337,1.0,0.5,0.25,0.0,0.43373333333333336,0.6418666666666667,0.6634892760975551,0.0654693619927422,10.865510152357373,High
2026-08-12 03:00:00,0.4413333333333333,1.0,0.5,0.25,0.0,0.42653333333333326,0.6382666666666668,0.657183623739833,0.06377068917442634,10.517064446036173,High
2026-08-12 04:00:00,0.39333333333333337,1.0,0.5,0.25,0.0,0.4073333333333334,0.6286666666666667,0.6500543844715414,0.06023945638500362,9.792709002052026,Moderate
2026-08-12 05:00:00,0.4723333333333334,1.0,0.5,0.25,0.0,0.43893333333333334,0.6444666666666667,0.6486574550203228,0.06477320370511605,10.722708452331497,High
2026-08-12 06:00:00,0.45499999999999996,1.0,0.5,0.25,0.0,0.432,0.641,0.6467430912652421,0.06356191100954799,10.474238155804716,High
2026-08-12 07:00:00,0.5266666666666667,1.0,0.5,0.25,0.0,0.4606666666666667,0.6553333333333334,0.6488906517822649,0.06800482179120101,11.385604469989952,High
2026-08-12 08:00:00,0.608,1.0,0.5,0.25,0.0,0.4932,0.6716000000000001,0.6545679888366988,0.07344449205144411,12.501434266962894,High
2026-08-12 09:00:00,0.6723333333333333,1.0,0.5,0.25,0.0,0.5189333333333334,0.6844666666666668,0.6620426582941907,0.07815899079112337,13.468510931512487,High
2026-08-12 10:00:00,0.7806666666666667,1.0,0.5,0.25,0.0,0.5622666666666667,0.7061333333333334,0.6730653270539764,0.08609560002032743,15.096533337503061,Extreme
2026-08-12 11:00:00,0.7863333333333334,1.0,0.5,0.25,0.0,0.5645333333333334,0.7072666666666667,0.681615661957149,0.08754080828603926,15.392986315084976,Extreme
2026-08-12 12:00:00,0.8729999999999999,1.0,0.5,0.25,0.0,0.5992,0.7246,0.6923617464678617,0.09438136855500597,16.79617816512943,Extreme
2026-08-12 13:00:00,0.912,1.0,0.5,0.25,0.0,0.6148,0.7324,0.7023713098508964,0.09823856799491533,17.587398563059555,Extreme
2026-08-12 14:00:00,0.9173333333333334,1.0,0.5,0.25,0.0,0.6169333333333334,0.7334666666666667,0.7101451490548389,0.09967052867519445,17.881134087219376,Extreme
2026-08-12 15:00:00,0.9863333333333334,1.0,0.5,0.25,0.0,0.6445333333333334,0.7472666666666667,0.719425528457796,0.10549032447180459,19.074938353190685,Extreme
2026-08-12 16:00:00,0.9510000000000001,1.0,0.5,0.25,0.0,0.6304000000000001,0.7402000000000001,0.724619146343347,0.10392197949197747,18.753226562456916,Extreme
2026-08-12 17:00:00,0.8633333333333333,1.0,0.5,0.25,0.0,0.5953333333333334,0.7226666666666667,0.7241310264241769,0.09807509933384649,17.553866530019793,Extreme
2026-08-12 18:00:00,0.8140000000000001,1.0,0.5,0.25,0.0,0.5756000000000001,0.7128000000000001,0.7212982698181327,0.09445328713441467,16.810930694238905,Extreme
2026-08-12 19:00:00,0.8403333333333334,1.0,0.5,0.25,0.0,0.5861333333333334,0.7180666666666667,0.7204903690302662,0.09607402842179719,17.14339044549686,Extreme
2026-08-12 20:00:00,0.7423333333333334,1.0,0.5,0.25,0.0,0.5469333333333334,0.6984666666666668,0.7149844434393664,0.08896360767197786,15.684842599380072,Extreme
2026-08-12 21:00:00,0.599,1.0,0.5,0.25,0.0,0.4896,0.6698000000000001,0.7036883325795248,0.07837962123603778,13.513768458674418,High
2026-08-12 22:00:00,0.7026666666666667,1.0,0.5,0.25,0.0,0.5310666666666667,0.6905333333333334,0.700399582767977,0.08462064332433385,14.793978117812072,High
2026-08-12 23:00:00,0.583,1.0,0.5,0.25,0.0,0.4832,0.6666000000000001,0.6919496870759827,0.07606464520088863,13.038901579669462,High
2026-08-13 00:00:00,0.5593333333333333,1.0,0.5,0.25,0.0,0.4737333333333333,0.6618666666666667,0.6844289319736536,0.07376387185750585,12.566948073334533,High
2026-08-13 01:00:00,0.5239999999999999,1.0,0.5,0.25,0.0,0.45959999999999995,0.6548,0.6770216989802402,0.07078871182367492,11.956658835625626,High
2026-08-13 02:00:00,0.46900000000000003,1.0,0.5,0.25,0.0,0.43760000000000004,0.6438,0.6687162742351802,0.06657337996520914,11.091975377478798,High
2026-08-13 03:00:00,0.44166666666666665,1.0,0.5,0.25,0.0,0.4266666666666667,0.6383333333333334,0.6611205390097186,0.06417276698654335,10.599541945957611,High
2026-08-13 04:00:00,0.394,1.0,0.5,0.25,0.0,0.4076,0.6288,0.6530404042572889,0.060555783646374144,9.85759664541008,Moderate
2026-08-13 05:00:00,0.48733333333333334,1.0,0.5,0.25,0.0,0.44493333333333335,0.6474666666666667,0.6516469698596334,0.06596122679878844,10.966405497187372,High
2026-08-13 06:00:00,0.529,1.0,0.5,0.25,0.0,0.46159999999999995,0.6558,0.6526852273947251,0.06854108646962966,11.495607480949673,High
2026-08-13 07:00:00,0.5493333333333333,1.0,0.5,0.25,0.0,0.4697333333333333,0.6598666666666667,0.6544805872127105,0.06994063163209482,11.782693668122015,High
2026-08-13 08:00:00,0.6473333333333334,1.0,0.5,0.25,0.0,0.5089333333333335,0.6794666666666668,0.6607271070761996,0.07650052615386559,13.128313057203197,High
2026-08-13 09:00:00,0.6609999999999999,1.0,0.5,0.25,0.0,0.5144,0.6822,0.6660953303071497,0.0779504721245245,13.425737871697333,High
2026-08-13 10:00:00,0.7409999999999999,1.0,0.5,0.25,0.0,0.5464,0.6982,0.6741214977303623,0.08379734689687042,14.625096799358035,High
2026-08-13 11:00:00,0.8203333333333334,1.0,0.5,0.25,0.0,0.5781333333333334,0.7140666666666667,0.6841077899644384,0.08997750511100276,15.892821561231337,Extreme
2026-08-13 12:00:00,0.8280000000000001,1.0,0.5,0.25,0.0,0.5812,0.7156,0.6919808424733289,0.09149578293435097,16.204263166020713,Extreme
2026-08-13 13:00:00,0.8543333333333334,1.0,0.5,0.25,0.0,0.5917333333333334,0.7208666666666668,0.6992022985216634,0.09412614729212064,16.74382508556321,Extreme
2026-08-13 14:00:00,0.9179999999999999,1.0,0.5,0.25,0.0,0.6172,0.7336,0.7078017238912475,0.09938456345674172,17.82247455522907,Extreme
2026-08-13 15:00:00,0.9416666666666667,1.0,0.5,0.25,0.0,0.6266666666666667,0.7383333333333334,0.715434626251769,0.10199712988262721,18.35838561694917,Extreme
2026-08-13 16:00:00,0.8946666666666668,1.0,0.5,0.25,0.0,0.6078666666666668,0.7289333333333334,0.7188093030221602,0.09940389891183354,17.826440802427395,Extreme
2026-08-13 17:00:00,0.8486666666666667,1.0,0.5,0.25,0.0,0.5894666666666667,0.7197333333333333,0.7190403105999534,0.09642594213259262,17.21557787335233,Extreme
2026-08-13 18:00:00,0.8133333333333332,1.0,0.5,0.25,0.0,0.5753333333333334,0.7126666666666667,0.7174468996166318,0.09390542894598825,16.698549527382205,Extreme
2026-08-13 19:00:00,0.796,1.0,0.5,0.25,0.0,0.5684,0.7092,0.7153851747124739,0.0925071723272447,16.411727656870706,Extreme
2026-08-13 20:00:00,0.7443333333333333,1.0,0.5,0.25,0.0,0.5477333333333334,0.6988666666666667,0.7112555477010221,0.08862907962865924,15.616221462289076,Extreme
2026-08-13 21:00:00,0.6839999999999999,1.0,0.5,0.25,0.0,0.5236000000000001,0.6868000000000001,0.7051416607757666,0.08399576948994854,14.665798869733033,High
2026-08-13 22:00:00,0.6056666666666667,1.0,0.5,0.25,0.0,0.4922666666666667,0.6711333333333334,0.6966395789151583,0.07801713086909451,13.43941146032708,High
2026-08-13 23:00:00,0.6166666666666667,1.0,0.5,0.25,0.0,0.49666666666666665,0.6733333333333333,0.690813017519702,0.07805611420458032,13.447408041965193,High
2026-08-14 00:00:00,0.5306666666666667,1.0,0.5,0.25,0.0,0.46226666666666666,0.6561333333333335,0.6821430964731099,0.07173803350265891,12.151391487724904,High
2026-08-14 01:00:00,0.48633333333333334,1.0,0.5,0.25,0.0,0.4445333333333333,0.6472666666666667,0.673423989021499,0.06810426590839622,11.406003263260763,High
2026-08-14 02:00:00,0.404,1.0,0.5,0.25,0.0,0.4116,0.6308,0.6627679917661242,0.0620609319809881,10.166345021741147,High
2026-08-14 03:00:00,0.40599999999999997,1.0,0.5,0.25,0.0,0.41239999999999993,0.6312,0.6548759938245932,0.06144112061661714,10.03920422904967,High
2026-08-14 04:00:00,0.4766666666666667,1.0,0.5,0.25,0.0,0.4406666666666667,0.6453333333333334,0.6524903287017783,0.06541324293623445,10.85399855102245,High
2026-08-14 05:00:00,0.522,1.0,0.5,0.25,0.0,0.45880000000000004,0.6544000000000001,0.6529677465263337,0.06815481447917913,11.416372200857259,High
2026-08-14 06:00:00,0.477,1.0,0.5,0.25,0.0,0.4408,0.6454000000000001,0.6510758098947503,0.06529118436786537,10.828960895972383,High
2026-08-14 07:00:00,0.5950000000000001,1.0,0.5,0.25,0.0,0.48800000000000004,0.669,0.6555568574210627,0.0727799223108864,12.365112268899773,High
2026-08-14 08:00:00,0.583,1.0,0.5,0.25,0.0,0.4832,0.6666000000000001,0.6583176430657971,0.07236754186693695,12.280521408602452,High
2026-08-14 09:00:00,0.6980000000000001,1.0,0.5,0.25,0.0,0.5292000000000001,0.6896000000000001,0.6661382322993479,0.0801983802012154,13.886847220762135,High
2026-08-14 10:00:00,0.755,1.0,0.5,0.25,0.0,0.552,0.7010000000000001,0.6748536742245109,0.08474812440911408,14.820128083920839,High
2026-08-14 11:00:00,0.7913333333333334,1.0,0.5,0.25,0.0,0.5665333333333334,0.7082666666666667,0.6832069223350499,0.08805603512771604,15.498673872352008,Extreme
2026-08-14 12:00:00,0.8283333333333334,1.0,0.5,0.25,0.0,0.5813333333333334,0.7156666666666667,0.6913218584179541,0.09142962018196915,16.19069131937829,Extreme
2026-08-14 13:00:00,0.9460000000000001,1.0,0.5,0.25,0.0,0.6284000000000001,0.7392000000000001,0.7032913938134657,0.10054324095096688,18.060151989941925,Extreme
2026-08-14 14:00:00,0.9373333333333332,1.0,0.5,0.25,0.0,0.6249333333333333,0.7374666666666667,0.711835212026766,0.10120327304267339,18.195543188240695,Extreme
2026-08-14 15:00:00,0.9713333333333334,1.0,0.5,0.25,0.0,0.6385333333333334,0.7442666666666667,0.7199430756867412,0.10458349081373539,18.888921192561106,Extreme
2026-08-14 16:00:00,0.9383333333333332,1.0,0.5,0.25,0.0,0.6253333333333333,0.7376666666666667,0.7243739734317226,0.1030518560403083,18.57473970057606,Extreme
2026-08-14 17:00:00,0.912,1.0,0.5,0.25,0.0,0.6148,0.7324,0.726380480073792,0.10159665860648107,18.27623766286791,Extreme
2026-08-14 18:00:00,0.8303333333333333,1.0,0.5,0.25,0.0,0.5821333333333334,0.7160666666666667,0.7238020267220107,0.09585696267627174,17.09886413872241,Extreme
2026-08-14 19:00:00,0.808,1.0,0.5,0.25,0.0,0.5732,0.7116,0.720751520041508,0.09398816046797276,16.71552009599441,Extreme
2026-08-14 20:00:00,0.7383333333333333,1.0,0.5,0.25,0.0,0.5453333333333333,0.6976666666666667,0.7149803066977977,0.08870284011661778,15.63135181879339,Extreme
2026-08-14 21:00:00,0.6503333333333334,1.0,0.5,0.25,0.0,0.5101333333333334,0.6800666666666667,0.706251896690015,0.0819642992876586,14.249087033365866,High
2026-08-14 22:00:00,0.6489999999999999,1.0,0.5,0.25,0.0,0.5096,0.6798000000000001,0.6996389225175113,0.08111193884314516,14.074243865260545,High
2026-08-14 23:00:00,0.6033333333333334,1.0,0.5,0.25,0.0,0.49133333333333334,0.6706666666666667,0.6923958585548,0.07739485507615795,13.311765143827273,High
