Time,Heat,DrySoil,DryAir,Wind,RainRelief,InstantRisk,DrynessInput,CarryoverRisk,FinalRisk,FinalRiskScore,FinalRiskBand
2026-07-01 00:00:00,0.12533333333333332,0.17180000000000006,0.19999999999999996,0.25,0.0,0.15731333333333333,0.1309666666666667,0.1309666666666667,0.004687137657222224,0.0,Low
2026-07-01 01:00:00,0.09333333333333335,0.1766333333333333,0.19999999999999996,0.25,0.0,0.14499666666666666,0.1269833333333333,0.12997083333333337,0.004287314303368057,0.0,Low
2026-07-01 02:00:00,0.0733333333333333,0.1812999999999999,0.19999999999999996,0.25,0.0,0.13746333333333333,0.1253166666666666,0.12880729166666668,0.004028178624956597,0.0,Low
2026-07-01 03:00:00,0.06666666666666667,0.18589999999999995,0.19999999999999996,0.25,0.0,0.13525666666666666,0.1262833333333333,0.12817630208333333,0.0039440991056401906,0.0,Low
2026-07-01 04:00:00,0.0733333333333333,0.1905500000000001,0.19999999999999996,0.25,0.0,0.13838833333333334,0.1299416666666667,0.1286176432291667,0.004049313742052138,0.0,Low
2026-07-01 05:00:00,0.09333333333333335,0.19540000000000002,0.19999999999999996,0.25,0.0,0.14687333333333336,0.13636666666666666,0.13055489908854168,0.004362320055759821,0.0,Low
2026-07-01 06:00:00,0.12533333333333332,0.20053333333333345,0.19999999999999996,0.25,0.0,0.16018666666666667,0.1453333333333334,0.1342495076497396,0.004892383207542048,0.0,Low
2026-07-01 07:00:00,0.16666666666666666,0.2060333333333333,0.19999999999999996,0.25,0.0,0.17726999999999998,0.15634999999999996,0.1397746307373047,0.005636960599907455,0.0,Low
2026-07-01 08:00:00,0.21499999999999997,0.21196666666666664,0.19999999999999996,0.25,0.0,0.19719666666666663,0.1689833333333333,0.14707680638631185,0.0065981952316642644,0.0,Low
2026-07-01 09:00:00,0.26666666666666666,0.2183666666666666,0.19999999999999996,0.25,0.0,0.21850333333333333,0.18251666666666663,0.15593677145640056,0.00775154024018504,0.0,Low
2026-07-01 10:00:00,0.31833333333333336,0.22523333333333329,0.19999999999999996,0.25,0.0,0.23985666666666666,0.1962833333333333,0.16602341192563375,0.009059464544382393,0.0,Low
2026-07-01 11:00:00,0.36666666666666664,0.23253333333333326,0.19999999999999996,0.25,0.0,0.25992,0.20959999999999995,0.17691755894422528,0.010461453711978139,0.0,Low
2026-07-01 12:00:00,0.408,0.24019999999999997,0.19999999999999996,0.25,0.0,0.27721999999999997,0.22169999999999998,0.18811316920816895,0.011863836704694654,0.0,Low
2026-07-01 13:00:00,0.44,0.24814999999999998,0.19999999999999996,0.25,0.0,0.290815,0.232075,0.1991036269061267,0.01317277808635544,0.690028806518399,Low
2026-07-01 14:00:00,0.46,0.2563,0.19999999999999996,0.25,0.0,0.29963,0.24015,0.20936522017959502,0.014271552959848742,1.8169773947166579,Low
2026-07-01 15:00:00,0.4666666666666667,0.26450000000000007,0.19999999999999996,0.25,0.0,0.30311666666666665,0.24558333333333335,0.2184197484680296,0.015062016535429705,2.627709267107389,Low
2026-07-01 16:00:00,0.46,0.2726333333333334,0.19999999999999996,0.25,0.0,0.3012633333333333,0.2483166666666667,0.2258939780176889,0.015482187811439367,3.058654165578837,Low
2026-07-01 17:00:00,0.44,0.28060000000000007,0.19999999999999996,0.25,0.0,0.29406,0.24830000000000005,0.23149548351326668,0.015486735328134797,3.0633182852664578,Low
2026-07-01 18:00:00,0.408,0.2882666666666668,0.19999999999999996,0.25,0.0,0.28202666666666665,0.2457333333333334,0.23505494596828336,0.015081376058600758,2.6475651883084694,Low
2026-07-01 19:00:00,0.36666666666666664,0.29556666666666676,0.19999999999999996,0.25,0.0,0.2662233333333333,0.2411166666666667,0.23657037614287918,0.014328076058814193,1.8749498039119925,Low
2026-07-01 20:00:00,0.31833333333333336,0.30243333333333344,0.19999999999999996,0.25,0.0,0.24757666666666667,0.2348833333333334,0.2361486154404927,0.01330076180358055,0.8212941575185126,Low
2026-07-01 21:00:00,0.26666666666666666,0.3088333333333333,0.19999999999999996,0.25,0.0,0.22754999999999997,0.22774999999999998,0.23404896158036953,0.012116158874731976,0.0,Low
2026-07-01 22:00:00,0.21499999999999997,0.31476666666666664,0.19999999999999996,0.25,0.0,0.20747666666666664,0.2203833333333333,0.23063255451861045,0.01088607375226725,0.0,Low
2026-07-01 23:00:00,0.16666666666666666,0.3202666666666666,0.19999999999999996,0.25,0.0,0.18869333333333332,0.2134666666666666,0.2263410825556245,0.009716309634325833,0.0,Low
2026-07-02 00:00:00,0.12533333333333332,0.3254,0.19999999999999996,0.25,0.0,0.17267333333333335,0.20776666666666668,0.22169747858338504,0.008708982695728855,0.0,Low
2026-07-02 01:00:00,0.09333333333333335,0.33023333333333327,0.19999999999999996,0.25,0.0,0.16035666666666668,0.2037833333333333,0.2172189422708721,0.007924395005667174,0.0,Low
2026-07-02 02:00:00,0.0733333333333333,0.3349000000000001,0.19999999999999996,0.25,0.0,0.15282333333333334,0.2021166666666667,0.21344337336982075,0.007420851573655346,0.0,Low
2026-07-02 03:00:00,0.06666666666666667,0.3395,0.19999999999999996,0.25,0.0,0.15061666666666668,0.20308333333333334,0.21085336336069888,0.007224951994451993,0.0,Low
2026-07-02 04:00:00,0.0733333333333333,0.34415000000000007,0.19999999999999996,0.25,0.0,0.15374833333333332,0.20674166666666668,0.20982543918719085,0.007339220881257102,0.0,Low
2026-07-02 05:00:00,0.09333333333333335,0.349,0.19999999999999996,0.25,0.0,0.16223333333333334,0.21316666666666664,0.21066074605705978,0.007775084370536134,0.0,Low
2026-07-02 06:00:00,0.12533333333333332,0.3541333333333334,0.19999999999999996,0.25,0.0,0.17554666666666668,0.22213333333333338,0.2135288928761282,0.008527674924274881,0.0,Low
2026-07-02 07:00:00,0.16666666666666666,0.35963333333333325,0.19999999999999996,0.25,0.0,0.19262999999999997,0.23314999999999994,0.21843416965709614,0.00957251160798806,0.0,Low
2026-07-02 08:00:00,0.21499999999999997,0.3655666666666667,0.19999999999999996,0.25,0.0,0.21255666666666667,0.24578333333333333,0.22527146057615544,0.010893371296807775,0.0,Low
2026-07-02 09:00:00,0.26666666666666666,0.37196666666666656,0.19999999999999996,0.25,0.0,0.2338633333333333,0.25931666666666664,0.23378276209878324,0.012438156644617136,0.0,Low
2026-07-02 10:00:00,0.31833333333333336,0.37883333333333324,0.19999999999999996,0.25,0.0,0.25521666666666665,0.27308333333333334,0.24360790490742076,0.014144311423087808,1.6864732544490324,Low
2026-07-02 11:00:00,0.36666666666666664,0.3861333333333332,0.19999999999999996,0.25,0.0,0.27527999999999997,0.2864,0.25430592868056556,0.015926213950734833,3.514065590497263,Low
2026-07-02 12:00:00,0.408,0.39379999999999993,0.19999999999999996,0.25,0.0,0.29258,0.2985,0.26535444651042417,0.017662509400904528,5.294881436825157,Low
2026-07-02 13:00:00,0.44,0.40174999999999994,0.19999999999999996,0.25,0.0,0.306175,0.308875,0.27623458488281816,0.01924106821602803,6.913916119003105,Low
2026-07-02 14:00:00,0.46,0.40990000000000004,0.19999999999999996,0.25,0.0,0.31499,0.31695000000000007,0.28641343866211366,0.020524451457550764,8.230206623128987,Low
2026-07-02 15:00:00,0.4666666666666667,0.4181,0.19999999999999996,0.25,0.0,0.3184766666666667,0.32238333333333336,0.2954059123299186,0.021403175036984207,9.131461576394058,Low
2026-07-02 16:00:00,0.46,0.42623333333333335,0.19999999999999996,0.25,0.0,0.31662333333333337,0.3251166666666667,0.3028336009141056,0.021813651897938015,9.55246348506463,Low
2026-07-02 17:00:00,0.44,0.4341999999999999,0.19999999999999996,0.25,0.0,0.30942,0.3251,0.3084002006855792,0.02170923074687001,9.445364868584624,Low
2026-07-02 18:00:00,0.408,0.44186666666666663,0.19999999999999996,0.25,0.0,0.29738666666666663,0.32253333333333334,0.31193348384751773,0.02110400541866294,8.824620942218399,Low
2026-07-02 19:00:00,0.36666666666666664,0.4491666666666667,0.19999999999999996,0.25,0.0,0.2815833333333333,0.31791666666666674,0.313429279552305,0.020078344945887228,7.772661482961259,Low
2026-07-02 20:00:00,0.31833333333333336,0.4560333333333333,0.19999999999999996,0.25,0.0,0.26293666666666665,0.3116833333333333,0.31299279299756205,0.01872263158253419,6.3821862384966055,Low
2026-07-02 21:00:00,0.26666666666666666,0.46243333333333336,0.19999999999999996,0.25,0.0,0.24291000000000001,0.30455000000000004,0.3108820947481716,0.01717997409202583,4.799973427718798,Low
2026-07-02 22:00:00,0.21499999999999997,0.4683666666666666,0.19999999999999996,0.25,0.0,0.22283666666666663,0.2971833333333333,0.307457404394462,0.01558665816372375,3.1658032448448705,Low
2026-07-02 23:00:00,0.16666666666666666,0.47386666666666677,0.19999999999999996,0.25,0.0,0.2040533333333333,0.29026666666666673,0.3031597199625132,0.01407332094139578,1.6136625039956702,Low
2026-07-03 00:00:00,0.12533333333333332,0.479,0.19999999999999996,0.25,0.0,0.18803333333333333,0.2845666666666667,0.29851145663855155,0.012769598712310358,0.276511499805495,Low
2026-07-03 01:00:00,0.09333333333333335,0.48383333333333334,0.19999999999999996,0.25,0.0,0.1757166666666667,0.28058333333333335,0.294029425812247,0.011753985562783557,0.0,Low
2026-07-03 02:00:00,0.0733333333333333,0.48850000000000005,0.19999999999999996,0.25,0.0,0.16818333333333332,0.2789166666666667,0.2902512360258519,0.011105508136210637,0.0,Low
2026-07-03 03:00:00,0.06666666666666667,0.4931,0.19999999999999996,0.25,0.0,0.16597666666666666,0.2798833333333333,0.28765926035272227,0.010861924975980184,0.0,Low
2026-07-03 04:00:00,0.0733333333333333,0.4977499999999999,0.19999999999999996,0.25,0.0,0.1691083333333333,0.28354166666666664,0.2866298619312084,0.011027265848405644,0.0,Low
2026-07-03 05:00:00,0.09333333333333335,0.5025999999999999,0.19999999999999996,0.25,0.0,0.17759333333333333,0.28996666666666665,0.28746406311507294,0.011614262018939015,0.0,Low
2026-07-03 06:00:00,0.12533333333333332,0.5077333333333334,0.19999999999999996,0.25,0.0,0.19090666666666667,0.2989333333333334,0.29033138066963804,0.012609459615564561,0.11226627237390807,Low
2026-07-03 07:00:00,0.16666666666666666,0.5132333333333333,0.19999999999999996,0.25,0.0,0.20799,0.30995,0.29523603550222854,0.013969897537984688,1.5075872184458332,Low
2026-07-03 08:00:00,0.21499999999999997,0.5191666666666667,0.19999999999999996,0.25,0.0,0.22791666666666666,0.32258333333333333,0.30207285996000477,0.015662792448155372,3.2438896904157652,Low
2026-07-03 09:00:00,0.26666666666666666,0.5255666666666666,0.19999999999999996,0.25,0.0,0.2492233333333333,0.3361166666666667,0.31058381163667026,0.017609576715517848,5.240591503095228,Low
2026-07-03 10:00:00,0.31833333333333336,0.5324333333333333,0.19999999999999996,0.25,0.0,0.2705766666666667,0.3498833333333333,0.320408692060836,0.0197231388601628,7.408347548884922,Low
2026-07-03 11:00:00,0.36666666666666664,0.5397333333333333,0.19999999999999996,0.25,0.0,0.29063999999999995,0.36319999999999997,0.331106519045627,0.02189296170320828,9.633806875085412,Low
2026-07-03 12:00:00,0.408,0.5474,0.19999999999999996,0.25,0.0,0.30794,0.3753,0.3421548892842202,0.023970122677906578,11.76422838759649,Low
2026-07-03 13:00:00,0.44,0.55535,0.19999999999999996,0.25,0.0,0.321535,0.38567500000000005,0.35303491696316514,0.025824226160858423,13.665872985495817,Low
2026-07-03 14:00:00,0.46,0.5635000000000001,0.19999999999999996,0.25,0.0,0.33035000000000003,0.3937500000000001,0.3632136877223739,0.027297188495642118,15.176603585273964,Low
2026-07-03 15:00:00,0.4666666666666667,0.5717,0.19999999999999996,0.25,0.0,0.33383666666666667,0.39918333333333333,0.3722060991251137,0.02826824988372177,16.172563983304382,Low
2026-07-03 16:00:00,0.46,0.5798333333333333,0.19999999999999996,0.25,0.0,0.33198333333333335,0.4019166666666667,0.37963374101050196,0.028672297013921884,16.586971296330137,Low
2026-07-03 17:00:00,0.44,0.5878,0.19999999999999996,0.25,0.0,0.32478,0.40190000000000003,0.38520030575787645,0.028461468331669806,16.37073675043057,Low
2026-07-03 18:00:00,0.408,0.5954666666666666,0.19999999999999996,0.25,0.0,0.3127466666666667,0.3993333333333333,0.38873356265174064,0.027658341151529656,15.54701656567144,Low
2026-07-03 19:00:00,0.36666666666666664,0.6027666666666667,0.19999999999999996,0.25,0.0,0.29694333333333334,0.3947166666666667,0.39022933865547216,0.026361790133046112,14.217220649278062,Low
2026-07-03 20:00:00,0.31833333333333336,0.6096333333333332,0.19999999999999996,0.25,0.0,0.27829666666666664,0.3884833333333333,0.3897928373249374,0.024678755764861452,12.491031553704051,Low
2026-07-03 21:00:00,0.26666666666666666,0.6160333333333333,0.19999999999999996,0.25,0.0,0.25827,0.38135,0.3876821279937031,0.022778815877302416,10.542375258771708,Low
2026-07-03 22:00:00,0.21499999999999997,0.6219666666666667,0.19999999999999996,0.25,0.0,0.23819666666666667,0.37398333333333333,0.3842574293286107,0.020822810828814837,8.536216234681882,Low
2026-07-03 23:00:00,0.16666666666666666,0.6274666666666666,0.19999999999999996,0.25,0.0,0.2194133333333333,0.36706666666666665,0.37995973866312466,0.018966272960302483,6.632074831079468,Low
2026-07-04 00:00:00,0.12533333333333332,0.6326,0.19999999999999996,0.25,0.0,0.20339333333333331,0.3613666666666667,0.37531147066401016,0.0173664061153739,4.991185759357844,Low
2026-07-04 01:00:00,0.09333333333333335,0.6374333333333333,0.19999999999999996,0.25,0.0,0.19107666666666667,0.35738333333333333,0.37082943633134097,0.016119933965606275,3.712752785237204,Low
2026-07-04 02:00:00,0.0733333333333333,0.6421,0.19999999999999996,0.25,0.0,0.18354333333333334,0.3557166666666667,0.3670512439151724,0.015326631504806697,2.899109235699175,Low
2026-07-04 03:00:00,0.06666666666666667,0.6467,0.19999999999999996,0.25,0.0,0.18133666666666665,0.35668333333333335,0.3644592662697126,0.015035435979456795,2.6004471584172246,Low
2026-07-04 04:00:00,0.0733333333333333,0.65135,0.19999999999999996,0.25,0.0,0.1844683333333333,0.36034166666666667,0.36342986636895114,0.015251896144174793,2.8224575837690176,Low
2026-07-04 05:00:00,0.09333333333333335,0.6562000000000001,0.19999999999999996,0.25,0.0,0.19295333333333337,0.36676666666666674,0.36426406644338,0.015990057227190633,3.5795458740416737,Low
2026-07-04 06:00:00,0.12533333333333332,0.6613333333333333,0.19999999999999996,0.25,0.0,0.20626666666666665,0.37573333333333336,0.36713138316586835,0.017227884909313814,4.849112727501347,Low
2026-07-04 07:00:00,0.16666666666666666,0.6668333333333334,0.19999999999999996,0.25,0.0,0.22335,0.38675000000000004,0.3720360373744013,0.018903941635572744,6.568145267254096,Low
2026-07-04 08:00:00,0.21499999999999997,0.6727666666666667,0.19999999999999996,0.25,0.0,0.24327666666666664,0.39938333333333337,0.3788728613641343,0.02096888584771178,8.686036766883873,Low
2026-07-04 09:00:00,0.26666666666666666,0.6791666666666667,0.19999999999999996,0.25,0.0,0.26458333333333334,0.4129166666666667,0.3873838126897674,0.0233176808502898,11.095057282348513,Low
2026-07-04 10:00:00,0.31833333333333336,0.6860333333333333,0.19999999999999996,0.25,0.0,0.2859366666666667,0.4266833333333333,0.3972086928506589,0.025838660485078633,13.680677420593469,Low
2026-07-04 11:00:00,0.36666666666666664,0.6933333333333334,0.19999999999999996,0.25,0.0,0.306,0.44000000000000006,0.4079065196379942,0.02839641236459896,16.30401268163996,Low
2026-07-04 12:00:00,0.408,0.7010000000000001,0.19999999999999996,0.25,0.0,0.3233,0.45210000000000006,0.4189548897284957,0.030814446355698154,18.7840475443058,Low
2026-07-04 13:00:00,0.44,0.70895,0.19999999999999996,0.25,0.0,0.336895,0.462475,0.4298349172963718,0.032944100840232665,20.968308554084782,Low
2026-07-04 14:00:00,0.46,0.7171,0.19999999999999996,0.25,0.0,0.34570999999999996,0.47055,0.44001368797227886,0.034606647545673955,22.673484662229697,Low
2026-07-04 15:00:00,0.4666666666666667,0.7253000000000001,0.19999999999999996,0.25,0.0,0.34919666666666666,0.47598333333333337,0.4490060993125425,0.03567005105139433,23.764154924507,Low
2026-07-04 16:00:00,0.46,0.7334333333333334,0.19999999999999996,0.25,0.0,0.34734333333333334,0.47871666666666673,0.45643374115107355,0.03606767188961703,24.171971168837977,Low
2026-07-04 17:00:00,0.44,0.7414,0.19999999999999996,0.25,0.0,0.34014,0.4787,0.4620003058633052,0.035750438368268404,23.84660345463426,Low
2026-07-04 18:00:00,0.408,0.7490666666666667,0.19999999999999996,0.25,0.0,0.32810666666666666,0.47613333333333335,0.46553356273081226,0.03474941139876214,22.819909126935528,Low
2026-07-04 19:00:00,0.36666666666666664,0.7563666666666666,0.19999999999999996,0.25,0.0,0.3123033333333333,0.4715166666666667,0.4670293387147758,0.033181971378257256,21.21227833667411,Low
2026-07-04 20:00:00,0.31833333333333336,0.7632333333333333,0.19999999999999996,0.25,0.0,0.2936566666666667,0.4652833333333334,0.46659283736941515,0.03117161713858114,19.15037655239091,Low
2026-07-04 21:00:00,0.26666666666666666,0.7696333333333333,0.19999999999999996,0.25,0.0,0.27363,0.45815,0.4644821280270614,0.028914395667440192,16.835277607630967,Low
2026-07-04 22:00:00,0.21499999999999997,0.7755666666666666,0.19999999999999996,0.25,0.0,0.25355666666666665,0.4507833333333333,0.46105742935362937,0.026595702071303913,14.457130329542473,Low
2026-07-04 23:00:00,0.16666666666666666,0.7810666666666666,0.19999999999999996,0.25,0.0,0.23477333333333328,0.44386666666666663,0.4567597386818887,0.024395963952089105,12.200988668809337,Low
2026-07-05 00:00:00,0.12533333333333332,0.7862,0.19999999999999996,0.25,0.0,0.2187533333333333,0.4381666666666667,0.4521114706780832,0.02249995275916258,10.256361804269313,Low
2026-07-05 01:00:00,0.09333333333333335,0.7910333333333334,0.19999999999999996,0.25,0.0,0.20643666666666666,0.43418333333333337,0.4476294363418958,0.021022621788418207,8.741150552223802,Low
2026-07-05 02:00:00,0.0733333333333333,0.7957000000000001,0.19999999999999996,0.25,0.0,0.19890333333333332,0.4325166666666667,0.4438512439230885,0.020084494411902083,7.77896862759188,Low
2026-07-05 03:00:00,0.06666666666666667,0.8003,0.19999999999999996,0.25,0.0,0.1966966666666667,0.43348333333333333,0.4412592662756497,0.01974568659977536,7.431473435667035,Low
2026-07-05 04:00:00,0.0733333333333333,0.80495,0.19999999999999996,0.25,0.0,0.19982833333333333,0.4371416666666667,0.440229866373404,0.02001326610941689,7.705913958376296,Low
2026-07-05 05:00:00,0.09333333333333335,0.8098,0.19999999999999996,0.25,0.0,0.20831333333333335,0.44356666666666666,0.44106406644671964,0.02090259214112865,8.618043221670412,Low
2026-07-05 06:00:00,0.12533333333333332,0.8149333333333333,0.19999999999999996,0.25,0.0,0.22162666666666664,0.45253333333333334,0.4439313831683731,0.022383049934774912,10.136461471564012,Low
2026-07-05 07:00:00,0.16666666666666666,0.8204333333333333,0.19999999999999996,0.25,0.0,0.23870999999999998,0.46355,0.44883603737627986,0.024374725484675872,12.179205625308585,Low
2026-07-05 08:00:00,0.21499999999999997,0.8263666666666667,0.19999999999999996,0.25,0.0,0.2586366666666666,0.47618333333333335,0.45567286136554325,0.026811719014545512,14.678686168764626,Low
2026-07-05 09:00:00,0.26666666666666666,0.8327666666666667,0.19999999999999996,0.25,0.0,0.2799433333333333,0.4897166666666667,0.4641838126908241,0.029562524765420223,17.500025400430996,Low
2026-07-05 10:00:00,0.31833333333333336,0.8396333333333332,0.19999999999999996,0.25,0.0,0.30129666666666666,0.5034833333333333,0.47400869285145136,0.03249092190143029,20.503509642492602,Low
2026-07-05 11:00:00,0.36666666666666664,0.8469333333333333,0.19999999999999996,0.25,0.0,0.32136,0.5168,0.4847065196385886,0.03543660282686543,23.524720848067105,Low
2026-07-05 12:00:00,0.408,0.8546,0.19999999999999996,0.25,0.0,0.33866,0.5289,0.49575488972894144,0.03819550984239975,26.354369069127948,Moderate
2026-07-05 13:00:00,0.44,0.8625499999999999,0.19999999999999996,0.25,0.0,0.352255,0.539275,0.5066349172967061,0.0406007153352599,28.821246497702457,Moderate
2026-07-05 14:00:00,0.46,0.8707,0.19999999999999996,0.25,0.0,0.36107,0.54735,0.5168136879725296,0.042452846416944884,30.720868119943468,Moderate
2026-07-05 15:00:00,0.4666666666666667,0.8789,0.19999999999999996,0.25,0.0,0.36455666666666664,0.5527833333333334,0.5258060993127305,0.04360859204484767,31.906248251125813,Moderate
2026-07-05 16:00:00,0.46,0.8870333333333333,0.19999999999999996,0.25,0.0,0.3627033333333333,0.5555166666666667,0.5332337411512145,0.04399978659470697,32.30747343046868,Moderate
2026-07-05 17:00:00,0.44,0.895,0.19999999999999996,0.25,0.0,0.3555,0.5555,0.5388003058634109,0.043576148237085686,31.872972550857114,Moderate
2026-07-05 18:00:00,0.408,0.9026666666666667,0.19999999999999996,0.25,0.0,0.34346666666666664,0.5529333333333334,0.5423335627308915,0.042377221480374885,30.64330408243578,Moderate
2026-07-05 19:00:00,0.36666666666666664,0.9099666666666666,0.19999999999999996,0.25,0.0,0.3276633333333333,0.5483166666666667,0.5438293387148353,0.040538892459466604,28.757838419965747,Moderate
2026-07-05 20:00:00,0.31833333333333336,0.9168333333333333,0.19999999999999996,0.25,0.0,0.30901666666666666,0.5420833333333334,0.5433928373694598,0.038201218349487955,26.360223948192775,Moderate
2026-07-05 21:00:00,0.26666666666666666,0.9232333333333334,0.19999999999999996,0.25,0.0,0.28898999999999997,0.53495,0.5412821280270947,0.035586715295620144,23.6786823544822,Low
2026-07-05 22:00:00,0.21499999999999997,0.9291666666666667,0.19999999999999996,0.25,0.0,0.26891666666666664,0.5275833333333334,0.5378574293536544,0.032905333152438765,20.928546823014116,Low
2026-07-05 23:00:00,0.16666666666666666,0.9346666666666666,0.19999999999999996,0.25,0.0,0.2501333333333333,0.5206666666666667,0.5335597386819075,0.030362394782940172,18.32040490557966,Low
2026-07-06 00:00:00,0.12533333333333332,0.9398,0.19999999999999996,0.25,0.0,0.23411333333333334,0.5149666666666667,0.5289114706780973,0.02817023924230083,16.07204024851367,Low
2026-07-06 01:00:00,0.09333333333333335,0.9446333333333333,0.19999999999999996,0.25,0.0,0.22179666666666664,0.5109833333333333,0.5244294363419063,0.02646204945077186,14.320050718740369,Low
2026-07-06 02:00:00,0.0733333333333333,0.9493,0.19999999999999996,0.25,0.0,0.2142633333333333,0.5093166666666666,0.5206512439230964,0.025379097158667298,13.209330419145946,Low
2026-07-06 03:00:00,0.06666666666666667,0.9539,0.19999999999999996,0.25,0.0,0.21205666666666667,0.5102833333333333,0.5180592662756556,0.024992677059849276,12.813002112665922,Low
2026-07-06 04:00:00,0.0733333333333333,0.95855,0.19999999999999996,0.25,0.0,0.21518833333333331,0.5139416666666666,0.5170298663734083,0.025311375914472325,13.139872732792126,Low
2026-07-06 05:00:00,0.09333333333333335,0.9634,0.19999999999999996,0.25,0.0,0.22367333333333334,0.5203666666666668,0.5178640664467229,0.02635186689492023,14.207042969148953,Low
2026-07-06 06:00:00,0.12533333333333332,0.9685333333333334,0.19999999999999996,0.25,0.0,0.23698666666666668,0.5293333333333333,0.5207313831683755,0.02807495480011861,15.974312615506264,Low
2026-07-06 07:00:00,0.16666666666666666,0.9740333333333333,0.19999999999999996,0.25,0.0,0.25406999999999996,0.54035,0.5256360373762816,0.03038224917368364,18.34076838326527,Low
2026-07-06 08:00:00,0.21499999999999997,0.9799666666666667,0.19999999999999996,0.25,0.0,0.27399666666666667,0.5529833333333334,0.5324728613655445,0.03319129202130135,21.22183797056548,Low
2026-07-06 09:00:00,0.26666666666666666,0.9863666666666666,0.19999999999999996,0.25,0.0,0.2953033333333333,0.5665166666666667,0.5409838126908251,0.036344108520487105,24.45549591844831,Low
2026-07-06 10:00:00,0.31833333333333336,0.9932333333333333,0.19999999999999996,0.25,0.0,0.31665666666666664,0.5802833333333334,0.5508086928514522,0.03967992315773046,27.876844264338928,Moderate
2026-07-06 11:00:00,0.36666666666666664,1.0,0.19999999999999996,0.25,0.0,0.33666666666666667,0.5933333333333334,0.5614398529719224,0.043001614072207824,31.283706740725968,Moderate
2026-07-06 12:00:00,0.408,1.0,0.19999999999999996,0.25,0.0,0.35319999999999996,0.6016,0.5714798897289418,0.045920123579389655,34.277049825015034,Moderate
2026-07-06 13:00:00,0.44,1.0,0.19999999999999996,0.25,0.0,0.366,0.608,0.5806099172967064,0.048344484763710255,36.763574116625904,Moderate
2026-07-06 14:00:00,0.46,1.0,0.19999999999999996,0.25,0.0,0.374,0.612,0.5884574379725298,0.0500689011098927,38.53220626655661,Moderate
2026-07-06 15:00:00,0.4666666666666667,1.0,0.19999999999999996,0.25,0.0,0.37666666666666665,0.6133333333333334,0.5946764118127307,0.05095881285558591,39.444936262139386,Moderate
2026-07-06 16:00:00,0.46,1.0,0.19999999999999996,0.25,0.0,0.374,0.612,0.599007308859548,0.05096653687431464,39.452858332630406,Moderate
2026-07-06 17:00:00,0.44,1.0,0.19999999999999996,0.25,0.0,0.366,0.608,0.601255481644661,0.0500635376791427,38.52670531194122,Moderate
2026-07-06 18:00:00,0.408,1.0,0.19999999999999996,0.25,0.0,0.35319999999999996,0.6016,0.6013416112334957,0.04831960248744508,36.738053833277,Moderate
2026-07-06 19:00:00,0.36666666666666664,1.0,0.19999999999999996,0.25,0.0,0.33666666666666667,0.5933333333333334,0.5993395417584552,0.04590441440251635,34.26093784873471,Moderate
2026-07-06 20:00:00,0.31833333333333336,1.0,0.19999999999999996,0.25,0.0,0.31733333333333336,0.5836666666666667,0.5954213229855081,0.04298545004406711,31.267128250325243,Moderate
2026-07-06 21:00:00,0.26666666666666666,1.0,0.19999999999999996,0.25,0.0,0.29666666666666663,0.5733333333333334,0.5898993255724644,0.039813288648428244,28.013629383003323,Moderate
2026-07-06 22:00:00,0.21499999999999997,1.0,0.19999999999999996,0.25,0.0,0.27599999999999997,0.5630000000000001,0.5831744941793483,0.036617526489521275,24.735924604637205,Low
2026-07-06 23:00:00,0.16666666666666666,1.0,0.19999999999999996,0.25,0.0,0.25666666666666665,0.5533333333333333,0.5757142039678446,0.03361691189335572,21.658371172672535,Low
2026-07-07 00:00:00,0.12533333333333332,1.0,0.19999999999999996,0.25,0.0,0.2401333333333333,0.5450666666666667,0.5680523196425501,0.03103288757284572,19.008089818303304,Low
2026-07-07 01:00:00,0.09333333333333335,1.0,0.19999999999999996,0.25,0.0,0.22733333333333333,0.5386666666666667,0.5607059063985793,0.02899877496909052,16.921820481118484,Low
2026-07-07 02:00:00,0.0733333333333333,1.0,0.19999999999999996,0.25,0.0,0.21933333333333332,0.5346666666666666,0.5541960964656012,0.027653461553472727,15.542011849715614,Low
2026-07-07 03:00:00,0.06666666666666667,1.0,0.19999999999999996,0.25,0.0,0.21666666666666667,0.5333333333333333,0.5489804056825343,0.02706015916343492,14.933496577881966,Low
2026-07-07 04:00:00,0.0733333333333333,1.0,0.19999999999999996,0.25,0.0,0.21933333333333332,0.5346666666666666,0.5454019709285673,0.02721464934605063,15.091948047231412,Low
2026-07-07 05:00:00,0.09333333333333335,1.0,0.19999999999999996,0.25,0.0,0.22733333333333333,0.5386666666666667,0.5437181448630922,0.02812019625541102,16.020714108113864,Low
2026-07-07 06:00:00,0.12533333333333332,1.0,0.19999999999999996,0.25,0.0,0.2401333333333333,0.5450666666666667,0.5440552753139858,0.029721921042161478,17.663508761191256,Low
2026-07-07 07:00:00,0.16666666666666666,1.0,0.19999999999999996,0.25,0.0,0.25666666666666665,0.5533333333333333,0.5463747898188227,0.031903734602170754,19.901266258636667,Low
2026-07-07 08:00:00,0.21499999999999997,1.0,0.19999999999999996,0.25,0.0,0.27599999999999997,0.5630000000000001,0.550531092364117,0.0345678472895429,22.63368952773631,Low
2026-07-07 09:00:00,0.26666666666666666,1.0,0.19999999999999996,0.25,0.0,0.29666666666666663,0.5733333333333334,0.556231652606421,0.037541001287161695,25.68307824324276,Moderate
2026-07-07 10:00:00,0.31833333333333336,1.0,0.19999999999999996,0.25,0.0,0.31733333333333336,0.5836666666666667,0.5630904061214824,0.04065137338593022,28.873203472748944,Moderate
2026-07-07 11:00:00,0.36666666666666664,1.0,0.19999999999999996,0.25,0.0,0.33666666666666667,0.5933333333333334,0.5706511379244451,0.043707121738863125,32.00730434755192,Moderate
2026-07-07 12:00:00,0.408,1.0,0.19999999999999996,0.25,0.0,0.35319999999999996,0.6016,0.5783883534433338,0.046475239364232195,34.84639934793045,Moderate
2026-07-07 13:00:00,0.44,1.0,0.19999999999999996,0.25,0.0,0.366,0.608,0.5857912650825003,0.048775909687094395,37.20606121753271,Moderate
2026-07-07 14:00:00,0.46,1.0,0.19999999999999996,0.25,0.0,0.374,0.612,0.5923434488118753,0.050399542342158404,38.87132547913683,Moderate
2026-07-07 15:00:00,0.4666666666666667,1.0,0.19999999999999996,0.25,0.0,0.37666666666666665,0.6133333333333334,0.5975909199422398,0.05120856191471709,39.70108914329958,Moderate
2026-07-07 16:00:00,0.46,1.0,0.19999999999999996,0.25,0.0,0.374,0.612,0.6011931899566798,0.0511525225674641,39.643612889706766,Moderate
2026-07-07 17:00:00,0.44,1.0,0.19999999999999996,0.25,0.0,0.366,0.608,0.6028948924675098,0.05020004322130721,38.66671099621252,Moderate
2026-07-07 18:00:00,0.408,1.0,0.19999999999999996,0.25,0.0,0.35319999999999996,0.6016,0.6025711693506324,0.048418401170831356,36.83938581623728,Moderate
2026-07-07 19:00:00,0.36666666666666664,1.0,0.19999999999999996,0.25,0.0,0.33666666666666667,0.5933333333333334,0.6002617103463076,0.045975044831607616,34.33337931446934,Moderate
2026-07-07 20:00:00,0.31833333333333336,1.0,0.19999999999999996,0.25,0.0,0.31733333333333336,0.5836666666666667,0.5961129494263974,0.04303538086225638,31.31833934590398,Moderate
2026-07-07 21:00:00,0.26666666666666666,1.0,0.19999999999999996,0.25,0.0,0.29666666666666663,0.5733333333333334,0.5904180454031314,0.039848297914333,28.04953632239282,Moderate
2026-07-07 22:00:00,0.21499999999999997,1.0,0.19999999999999996,0.25,0.0,0.27599999999999997,0.5630000000000001,0.5835635340523485,0.036641954303146956,24.760978772458415,Low
2026-07-07 23:00:00,0.16666666666666666,1.0,0.19999999999999996,0.25,0.0,0.25666666666666665,0.5533333333333333,0.5760059838725947,0.03363394940829392,21.675845546968127,Low
2026-07-08 00:00:00,0.12533333333333332,1.0,0.19999999999999996,0.25,0.0,0.2401333333333333,0.5450666666666667,0.5682711545711127,0.03104484259793807,19.020351382500582,Low
2026-07-08 01:00:00,0.09333333333333335,1.0,0.19999999999999996,0.25,0.0,0.22733333333333333,0.5386666666666667,0.5608700325950012,0.0290072633024258,16.930526464026464,Low
2026-07-08 02:00:00,0.0733333333333333,1.0,0.19999999999999996,0.25,0.0,0.21933333333333332,0.5346666666666666,0.5543191911129175,0.027659603771216065,15.548311560221602,Low
2026-07-08 03:00:00,0.06666666666666667,1.0,0.19999999999999996,0.25,0.0,0.21666666666666667,0.5333333333333333,0.5490727266680214,0.02706470981867789,14.938163916592707,Low
2026-07-08 04:00:00,0.0733333333333333,1.0,0.19999999999999996,0.25,0.0,0.21933333333333332,0.5346666666666666,0.5454712116676828,0.02721810434353126,15.095491634391035,Low
2026-07-08 05:00:00,0.09333333333333335,1.0,0.19999999999999996,0.25,0.0,0.22733333333333333,0.5386666666666667,0.5437700754174287,0.02812288201713038,16.023468735518335,Low
2026-07-08 06:00:00,0.12533333333333332,1.0,0.19999999999999996,0.25,0.0,0.2401333333333333,0.5450666666666667,0.5440942232297382,0.02972404877978167,17.665691056186326,Low
2026-07-08 07:00:00,0.16666666666666666,1.0,0.19999999999999996,0.25,0.0,0.25666666666666665,0.5533333333333333,0.546404000755637,0.03190544027745624,19.903015669185883,Low
2026-07-08 08:00:00,0.21499999999999997,1.0,0.19999999999999996,0.25,0.0,0.27599999999999997,0.5630000000000001,0.5505530005667277,0.034569222905584826,22.635100415984436,Low
2026-07-08 09:00:00,0.26666666666666666,1.0,0.19999999999999996,0.25,0.0,0.29666666666666663,0.5733333333333334,0.5562480837583791,0.037542110252992596,25.68421564409497,Moderate
2026-07-08 10:00:00,0.31833333333333336,1.0,0.19999999999999996,0.25,0.0,0.31733333333333336,0.5836666666666667,0.563102729485451,0.040652263050653,28.874115949387686,Moderate
2026-07-08 11:00:00,0.36666666666666664,1.0,0.19999999999999996,0.25,0.0,0.33666666666666667,0.5933333333333334,0.5706603804474216,0.0437078296391021,32.008030399079075,Moderate
2026-07-08 12:00:00,0.408,1.0,0.19999999999999996,0.25,0.0,0.35319999999999996,0.6016,0.5783952853355662,0.046475796362568746,34.84697062827563,Moderate
2026-07-08 13:00:00,0.44,1.0,0.19999999999999996,0.25,0.0,0.366,0.608,0.5857964640016746,0.048776342575099434,37.20650520523019,Moderate
2026-07-08 14:00:00,0.46,1.0,0.19999999999999996,0.25,0.0,0.374,0.612,0.592347348001256,0.05039987410468687,38.87166574839679,Moderate
2026-07-08 15:00:00,0.4666666666666667,1.0,0.19999999999999996,0.25,0.0,0.37666666666666665,0.6133333333333334,0.5975938443342753,0.0512088125107446,39.701346164866244,Moderate
2026-07-08 16:00:00,0.46,1.0,0.19999999999999996,0.25,0.0,0.374,0.612,0.6011953832507065,0.05115270918388636,39.643804291165495,Moderate
2026-07-08 17:00:00,0.44,1.0,0.19999999999999996,0.25,0.0,0.366,0.608,0.60289653743803,0.050200180189777566,38.666851476694944,Moderate
2026-07-08 18:00:00,0.408,1.0,0.19999999999999996,0.25,0.0,0.35319999999999996,0.6016,0.6025724030785224,0.048418500304568506,36.83948749186513,Moderate
2026-07-08 19:00:00,0.36666666666666664,1.0,0.19999999999999996,0.25,0.0,0.33666666666666667,0.5933333333333334,0.6002626356422252,0.045975115701564095,34.3334520016042,Moderate
2026-07-08 20:00:00,0.31833333333333336,1.0,0.19999999999999996,0.25,0.0,0.31733333333333336,0.5836666666666667,0.5961136433983355,0.04303543096240384,31.318390730670597,Moderate
2026-07-08 21:00:00,0.26666666666666666,1.0,0.19999999999999996,0.25,0.0,0.29666666666666663,0.5733333333333334,0.590418565882085,0.039848333042325046,28.049572351102608,Moderate
2026-07-08 22:00:00,0.21499999999999997,1.0,0.19999999999999996,0.25,0.0,0.27599999999999997,0.5630000000000001,0.5835639244115638,0.03664197881380209,24.761003911591885,Low
2026-07-08 23:00:00,0.16666666666666666,1.0,0.19999999999999996,0.25,0.0,0.25666666666666665,0.5533333333333333,0.5760062766420062,0.03363396650358781,21.675863080602884,Low
2026-07-09 00:00:00,0.12533333333333332,1.0,0.19999999999999996,0.25,0.0,0.2401333333333333,0.5450666666666667,0.5682713741481713,0.031044854593505977,19.020363685647155,Low
2026-07-09 01:00:00,0.09333333333333335,1.0,0.19999999999999996,0.25,0.0,0.22733333333333333,0.5386666666666667,0.5608701972777952,0.029007271819545436,16.93053519953378,Low
2026-07-09 02:00:00,0.0733333333333333,1.0,0.19999999999999996,0.25,0.0,0.21933333333333332,0.5346666666666666,0.554319314625013,0.02765960993426378,15.548317881296184,Low
2026-07-09 03:00:00,0.06666666666666667,1.0,0.19999999999999996,0.25,0.0,0.21666666666666667,0.5333333333333333,0.5490728193020931,0.02706471438476567,14.93816859975966,Low
2026-07-09 04:00:00,0.0733333333333333,1.0,0.19999999999999996,0.25,0.0,0.21933333333333332,0.5346666666666666,0.5454712811432365,0.027218107810245595,15.09549518999548,Low
2026-07-09 05:00:00,0.09333333333333335,1.0,0.19999999999999996,0.25,0.0,0.22733333333333333,0.5386666666666667,0.543770127524094,0.028122884712000265,16.02347149948745,Low
2026-07-09 06:00:00,0.12533333333333332,1.0,0.19999999999999996,0.25,0.0,0.2401333333333333,0.5450666666666667,0.5440942623097372,0.029724050914735047,17.665693245882096,Low
2026-07-09 07:00:00,0.16666666666666666,1.0,0.19999999999999996,0.25,0.0,0.25666666666666665,0.5533333333333333,0.5464040300656362,0.03190544198891594,19.90301742452917,Low
2026-07-09 08:00:00,0.21499999999999997,1.0,0.19999999999999996,0.25,0.0,0.27599999999999997,0.5630000000000001,0.5505530225492272,0.03456922428586597,22.635101831657405,Low
2026-07-09 09:00:00,0.26666666666666666,1.0,0.19999999999999996,0.25,0.0,0.29666666666666663,0.5733333333333334,0.5562481002452537,0.03754211136571924,25.68421678535307,Moderate
2026-07-09 10:00:00,0.31833333333333336,1.0,0.19999999999999996,0.25,0.0,0.31733333333333336,0.5836666666666667,0.5631027418506069,0.040652263943334814,28.874116864958783,Moderate
2026-07-09 11:00:00,0.36666666666666664,1.0,0.19999999999999996,0.25,0.0,0.33666666666666667,0.5933333333333334,0.5706603897212885,0.043707830349403023,32.008031127592844,Moderate
2026-07-09 12:00:00,0.408,1.0,0.19999999999999996,0.25,0.0,0.35319999999999996,0.6016,0.5783952922909664,0.046475796921456015,34.846971201493346,Moderate
2026-07-09 13:00:00,0.44,1.0,0.19999999999999996,0.25,0.0,0.366,0.608,0.5857964692182248,0.048776343009455485,37.20650565072357,Moderate
2026-07-09 14:00:00,0.46,1.0,0.19999999999999996,0.25,0.0,0.374,0.612,0.5923473519136686,0.050399874437574495,38.87166608981999,Moderate
2026-07-09 15:00:00,0.4666666666666667,1.0,0.19999999999999996,0.25,0.0,0.37666666666666665,0.6133333333333334,0.5975938472685848,0.05120881276219047,39.70134642275946,Moderate
2026-07-09 16:00:00,0.46,1.0,0.19999999999999996,0.25,0.0,0.374,0.612,0.6011953854514386,0.051152709371135655,39.64380448321606,Moderate
2026-07-09 17:00:00,0.44,1.0,0.19999999999999996,0.25,0.0,0.366,0.608,0.602896539088579,0.05020018032721053,38.666851617651815,Moderate
2026-07-09 18:00:00,0.408,1.0,0.19999999999999996,0.25,0.0,0.35319999999999996,0.6016,0.6025724043164342,0.04841850040403843,36.83948759388557,Moderate
2026-07-09 19:00:00,0.36666666666666664,1.0,0.19999999999999996,0.25,0.0,0.33666666666666667,0.5933333333333334,0.600262636570659,0.045975115772674394,34.33345207453784,Moderate
2026-07-09 20:00:00,0.31833333333333336,1.0,0.19999999999999996,0.25,0.0,0.31733333333333336,0.5836666666666667,0.5961136440946609,0.04303543101267389,31.318390782229628,Moderate
2026-07-09 21:00:00,0.26666666666666666,1.0,0.19999999999999996,0.25,0.0,0.29666666666666663,0.5733333333333334,0.590418566404329,0.039848333077572164,28.0495723872535,Moderate
2026-07-09 22:00:00,0.21499999999999997,1.0,0.19999999999999996,0.25,0.0,0.27599999999999997,0.5630000000000001,0.5835639248032468,0.03664197883839586,24.761003936816266,Low
2026-07-09 23:00:00,0.16666666666666666,1.0,0.19999999999999996,0.25,0.0,0.25666666666666665,0.5533333333333333,0.5760062769357684,0.033633966520741077,21.675863098195975,Low
2026-07-10 00:00:00,0.12533333333333332,1.0,0.19999999999999996,0.25,0.0,0.2401333333333333,0.5450666666666667,0.568271374368493,0.03104485460554222,19.02036369799202,Low
2026-07-10 01:00:00,0.09333333333333335,1.0,0.19999999999999996,0.25,0.0,0.22733333333333333,0.5386666666666667,0.5608701974430365,0.029007271828091437,16.93053520829891,Low
2026-07-10 02:00:00,0.0733333333333333,1.0,0.19999999999999996,0.25,0.0,0.21933333333333332,0.5346666666666666,0.554319314748944,0.027659609940447725,15.54831788763869,Low
2026-07-10 03:00:00,0.06666666666666667,1.0,0.19999999999999996,0.25,0.0,0.21666666666666667,0.5333333333333333,0.5490728193950414,0.027064714389347246,14.938168604458713,Low
2026-07-10 04:00:00,0.0733333333333333,1.0,0.19999999999999996,0.25,0.0,0.21933333333333332,0.5346666666666666,0.5454712812129476,0.027218107813724066,15.095495193563144,Low
2026-07-10 05:00:00,0.09333333333333335,1.0,0.19999999999999996,0.25,0.0,0.22733333333333333,0.5386666666666667,0.5437701275763774,0.028122884714704276,16.023471502260794,Low
2026-07-10 06:00:00,0.12533333333333332,1.0,0.19999999999999996,0.25,0.0,0.2401333333333333,0.5450666666666667,0.5440942623489498,0.02972405091687724,17.66569324807922,Low
2026-07-10 07:00:00,0.16666666666666666,1.0,0.19999999999999996,0.25,0.0,0.25666666666666665,0.5533333333333333,0.5464040300950457,0.03190544199063321,19.903017426290468,Low
2026-07-10 08:00:00,0.21499999999999997,1.0,0.19999999999999996,0.25,0.0,0.27599999999999997,0.5630000000000001,0.5505530225712842,0.03456922428725093,22.635101833077872,Low
2026-07-10 09:00:00,0.26666666666666666,1.0,0.19999999999999996,0.25,0.0,0.29666666666666663,0.5733333333333334,0.5562481002617965,0.037542111366835745,25.684216786498197,Moderate
2026-07-10 10:00:00,0.31833333333333336,1.0,0.19999999999999996,0.25,0.0,0.31733333333333336,0.5836666666666667,0.563102741863014,0.04065226394423052,28.874116865877458,Moderate
2026-07-10 11:00:00,0.36666666666666664,1.0,0.19999999999999996,0.25,0.0,0.33666666666666667,0.5933333333333334,0.5706603897305939,0.04370783035011573,32.00803112832383,Moderate
2026-07-10 12:00:00,0.408,1.0,0.19999999999999996,0.25,0.0,0.35319999999999996,0.6016,0.5783952922979454,0.046475796922016796,34.84697120206851,Moderate
2026-07-10 13:00:00,0.44,1.0,0.19999999999999996,0.25,0.0,0.366,0.608,0.5857964692234591,0.04877634300989132,37.20650565117057,Moderate
2026-07-10 14:00:00,0.46,1.0,0.19999999999999996,0.25,0.0,0.374,0.612,0.5923473519175944,0.05039987443790851,38.87166609016258,Moderate
2026-07-10 15:00:00,0.4666666666666667,1.0,0.19999999999999996,0.25,0.0,0.37666666666666665,0.6133333333333334,0.5975938472715291,0.051208812762442775,39.70134642301822,Moderate
2026-07-10 16:00:00,0.46,1.0,0.19999999999999996,0.25,0.0,0.374,0.612,0.6011953854536468,0.05115270937132354,39.64380448340875,Moderate
2026-07-10 17:00:00,0.44,1.0,0.19999999999999996,0.25,0.0,0.366,0.608,0.6028965390902351,0.05020018032734842,38.666851617793256,Moderate
2026-07-10 18:00:00,0.408,1.0,0.19999999999999996,0.25,0.0,0.35319999999999996,0.6016,0.6025724043176763,0.04841850040413824,36.83948759398794,Moderate
2026-07-10 19:00:00,0.36666666666666664,1.0,0.19999999999999996,0.25,0.0,0.33666666666666667,0.5933333333333334,0.6002626365715906,0.045975115772745746,34.33345207461102,Moderate
2026-07-10 20:00:00,0.31833333333333336,1.0,0.19999999999999996,0.25,0.0,0.31733333333333336,0.5836666666666667,0.5961136440953596,0.043035431012724334,31.31839078228137,Moderate
2026-07-10 21:00:00,0.26666666666666666,1.0,0.19999999999999996,0.25,0.0,0.29666666666666663,0.5733333333333334,0.590418566404853,0.03984833307760753,28.04957238728977,Moderate
2026-07-10 22:00:00,0.21499999999999997,1.0,0.19999999999999996,0.25,0.0,0.27599999999999997,0.5630000000000001,0.5835639248036398,0.03664197883842054,24.76100393684158,Low
2026-07-10 23:00:00,0.16666666666666666,1.0,0.19999999999999996,0.25,0.0,0.25666666666666665,0.5533333333333333,0.5760062769360632,0.033633966520758285,21.675863098213625,Low
2026-07-11 00:00:00,0.12533333333333332,1.0,0.19999999999999996,0.25,0.0,0.2401333333333333,0.5450666666666667,0.5682713743687141,0.031044854605554305,19.020363698004413,Low
2026-07-11 01:00:00,0.09333333333333335,1.0,0.19999999999999996,0.25,0.0,0.22733333333333333,0.5386666666666667,0.5608701974432023,0.029007271828100017,16.93053520830771,Low
2026-07-11 02:00:00,0.0733333333333333,1.0,0.19999999999999996,0.25,0.0,0.21933333333333332,0.5346666666666666,0.5543193147490684,0.027659609940453928,15.548317887645052,Low
2026-07-11 03:00:00,0.06666666666666667,1.0,0.19999999999999996,0.25,0.0,0.21666666666666667,0.5333333333333333,0.5490728193951346,0.027064714389351843,14.938168604463428,Low
2026-07-11 04:00:00,0.0733333333333333,1.0,0.19999999999999996,0.25,0.0,0.21933333333333332,0.5346666666666666,0.5454712812130176,0.027218107813727556,15.095495193566721,Low
2026-07-11 05:00:00,0.09333333333333335,1.0,0.19999999999999996,0.25,0.0,0.22733333333333333,0.5386666666666667,0.5437701275764298,0.02812288471470699,16.02347150226358,Low
2026-07-11 06:00:00,0.12533333333333332,1.0,0.19999999999999996,0.25,0.0,0.2401333333333333,0.5450666666666667,0.544094262348989,0.029724050916879383,17.665693248081418,Low
2026-07-11 07:00:00,0.16666666666666666,1.0,0.19999999999999996,0.25,0.0,0.25666666666666665,0.5533333333333333,0.5464040300950751,0.03190544199063493,19.903017426292234,Low
2026-07-11 08:00:00,0.21499999999999997,1.0,0.19999999999999996,0.25,0.0,0.27599999999999997,0.5630000000000001,0.5505530225713063,0.03456922428725232,22.6351018330793,Low
2026-07-11 09:00:00,0.26666666666666666,1.0,0.19999999999999996,0.25,0.0,0.29666666666666663,0.5733333333333334,0.556248100261813,0.03754211136683686,25.68421678649934,Moderate
2026-07-11 10:00:00,0.31833333333333336,1.0,0.19999999999999996,0.25,0.0,0.31733333333333336,0.5836666666666667,0.5631027418630264,0.04065226394423142,28.87411686587838,Moderate
2026-07-11 11:00:00,0.36666666666666664,1.0,0.19999999999999996,0.25,0.0,0.33666666666666667,0.5933333333333334,0.5706603897306032,0.04370783035011645,32.00803112832457,Moderate
2026-07-11 12:00:00,0.408,1.0,0.19999999999999996,0.25,0.0,0.35319999999999996,0.6016,0.5783952922979524,0.046475796922017365,34.84697120206909,Moderate
2026-07-11 13:00:00,0.44,1.0,0.19999999999999996,0.25,0.0,0.366,0.608,0.5857964692234643,0.04877634300989175,37.20650565117102,Moderate
2026-07-11 14:00:00,0.46,1.0,0.19999999999999996,0.25,0.0,0.374,0.612,0.5923473519175982,0.050399874437908845,38.87166609016292,Moderate
2026-07-11 15:00:00,0.4666666666666667,1.0,0.19999999999999996,0.25,0.0,0.37666666666666665,0.6133333333333334,0.597593847271532,0.051208812762443025,39.70134642301848,Moderate
2026-07-11 16:00:00,0.46,1.0,0.19999999999999996,0.25,0.0,0.374,0.612,0.601195385453649,0.051152709371323726,39.64380448340895,Moderate
2026-07-11 17:00:00,0.44,1.0,0.19999999999999996,0.25,0.0,0.366,0.608,0.6028965390902368,0.05020018032734856,38.6668516177934,Moderate
2026-07-11 18:00:00,0.408,1.0,0.19999999999999996,0.25,0.0,0.35319999999999996,0.6016,0.6025724043176776,0.04841850040413834,36.83948759398804,Moderate
2026-07-11 19:00:00,0.36666666666666664,1.0,0.19999999999999996,0.25,0.0,0.33666666666666667,0.5933333333333334,0.6002626365715915,0.045975115772745816,34.33345207461109,Moderate
2026-07-11 20:00:00,0.31833333333333336,1.0,0.19999999999999996,0.25,0.0,0.31733333333333336,0.5836666666666667,0.5961136440953603,0.043035431012724376,31.31839078228141,Moderate
2026-07-11 21:00:00,0.26666666666666666,1.0,0.19999999999999996,0.25,0.0,0.29666666666666663,0.5733333333333334,0.5904185664048536,0.03984833307760757,28.049572387289817,Moderate
2026-07-11 22:00:00,0.21499999999999997,1.0,0.19999999999999996,0.25,0.0,0.27599999999999997,0.5630000000000001,0.5835639248036402,0.03664197883842056,24.7610039368416,Low
2026-07-11 23:00:00,0.16666666666666666,1.0,0.19999999999999996,0.25,0.0,0.25666666666666665,0.5533333333333333,0.5760062769360634,0.0336339665207583,21.67586309821364,Low
2026-07-12 00:00:00,0.12533333333333332,1.0,0.19999999999999996,0.25,0.0,0.2401333333333333,0.5450666666666667,0.5682713743687142,0.03104485460555431,19.020363698004417,Low
2026-07-12 01:00:00,0.09333333333333335,1.0,0.19999999999999996,0.25,0.0,0.22733333333333333,0.5386666666666667,0.5608701974432023,0.029007271828100017,16.93053520830771,Low
2026-07-12 02:00:00,0.0733333333333333,1.0,0.19999999999999996,0.25,0.0,0.21933333333333332,0.5346666666666666,0.5543193147490684,0.027659609940453928,15.548317887645052,Low
2026-07-12 03:00:00,0.06666666666666667,1.0,0.19999999999999996,0.25,0.0,0.21666666666666667,0.5333333333333333,0.5490728193951346,0.027064714389351843,14.938168604463428,Low
2026-07-12 04:00:00,0.0733333333333333,1.0,0.19999999999999996,0.25,0.0,0.21933333333333332,0.5346666666666666,0.5454712812130176,0.027218107813727556,15.095495193566721,Low
2026-07-12 05:00:00,0.09333333333333335,1.0,0.19999999999999996,0.25,0.0,0.22733333333333333,0.5386666666666667,0.5437701275764298,0.02812288471470699,16.02347150226358,Low
2026-07-12 06:00:00,0.12533333333333332,1.0,0.19999999999999996,0.25,0.0,0.2401333333333333,0.5450666666666667,0.544094262348989,0.029724050916879383,17.665693248081418,Low
2026-07-12 07:00:00,0.16666666666666666,1.0,0.19999999999999996,0.25,0.0,0.25666666666666665,0.5533333333333333,0.5464040300950751,0.03190544199063493,19.903017426292234,Low
2026-07-12 08:00:00,0.21499999999999997,1.0,0.19999999999999996,0.25,0.0,0.27599999999999997,0.5630000000000001,0.5505530225713063,0.03456922428725232,22.6351018330793,Low
2026-07-12 09:00:00,0.26666666666666666,1.0,0.19999999999999996,0.25,0.0,0.29666666666666663,0.5733333333333334,0.556248100261813,0.03754211136683686,25.68421678649934,Moderate
2026-07-12 10:00:00,0.31833333333333336,1.0,0.19999999999999996,0.25,0.0,0.31733333333333336,0.5836666666666667,0.5631027418630264,0.04065226394423142,28.87411686587838,Moderate
2026-07-12 11:00:00,0.36666666666666664,1.0,0.19999999999999996,0.25,0.0,0.33666666666666667,0.5933333333333334,0.5706603897306032,0.04370783035011645,32.00803112832457,Moderate
2026-07-12 12:00:00,0.408,1.0,0.19999999999999996,0.25,0.0,0.35319999999999996,0.6016,0.5783952922979524,0.046475796922017365,34.84697120206909,Moderate
2026-07-12 13:00:00,0.44,1.0,0.19999999999999996,0.25,0.0,0.366,0.608,0.5857964692234643,0.04877634300989175,37.20650565117102,Moderate
2026-07-12 14:00:00,0.46,1.0,0.19999999999999996,0.25,0.0,0.374,0.612,0.5923473519175982,0.050399874437908845,38.87166609016292,Moderate
2026-07-12 15:00:00,0.4666666666666667,1.0,0.19999999999999996,0.25,0.0,0.37666666666666665,0.6133333333333334,0.597593847271532,0.051208812762443025,39.70134642301848,Moderate
2026-07-12 16:00:00,0.46,1.0,0.19999999999999996,0.25,0.0,0.374,0.612,0.601195385453649,0.051152709371323726,39.64380448340895,Moderate
2026-07-12 17:00:00,0.44,1.0,0.19999999999999996,0.25,0.0,0.366,0.608,0.6028965390902368,0.05020018032734856,38.6668516177934,Moderate
2026-07-12 18:00:00,0.408,1.0,0.19999999999999996,0.25,0.0,0.35319999999999996,0.6016,0.6025724043176776,0.04841850040413834,36.83948759398804,Moderate
2026-07-12 19:00:00,0.36666666666666664,1.0,0.19999999999999996,0.25,0.0,0.33666666666666667,0.5933333333333334,0.6002626365715915,0.045975115772745816,34.33345207461109,Moderate
2026-07-12 20:00:00,0.31833333333333336,1.0,0.19999999999999996,0.25,0.0,0.31733333333333336,0.5836666666666667,0.5961136440953603,0.043035431012724376,31.31839078228141,Moderate
2026-07-12 21:00:00,0.26666666666666666,1.0,0.19999999999999996,0.25,0.0,0.29666666666666663,0.5733333333333334,0.5904185664048536,0.03984833307760757,28.049572387289817,Moderate
2026-07-12 22:00:00,0.21499999999999997,1.0,0.19999999999999996,0.25,0.0,0.27599999999999997,0.5630000000000001,0.5835639248036402,0.03664197883842056,24.7610039368416,Low
2026-07-12 23:00:00,0.16666666666666666,1.0,0.19999999999999996,0.25,0.0,0.25666666666666665,0.5533333333333333,0.5760062769360634,0.0336339665207583,21.67586309821364,Low
2026-07-13 00:00:00,0.12533333333333332,1.0,0.19999999999999996,0.25,0.0,0.2401333333333333,0.5450666666666667,0.5682713743687142,0.03104485460555431,19.020363698004417,Low
2026-07-13 01:00:00,0.09333333333333335,1.0,0.19999999999999996,0.25,0.0,0.22733333333333333,0.5386666666666667,0.5608701974432023,0.029007271828100017,16.93053520830771,Low
2026-07-13 02:00:00,0.0733333333333333,1.0,0.19999999999999996,0.25,0.0,0.21933333333333332,0.5346666666666666,0.5543193147490684,0.027659609940453928,15.548317887645052,Low
2026-07-13 03:00:00,0.06666666666666667,1.0,0.19999999999999996,0.25,0.0,0.21666666666666667,0.5333333333333333,0.5490728193951346,0.027064714389351843,14.938168604463428,Low
2026-07-13 04:00:00,0.0733333333333333,1.0,0.19999999999999996,0.25,0.0,0.21933333333333332,0.5346666666666666,0.5454712812130176,0.027218107813727556,15.095495193566721,Low
2026-07-13 05:00:00,0.09333333333333335,1.0,0.19999999999999996,0.25,0.0,0.22733333333333333,0.5386666666666667,0.5437701275764298,0.02812288471470699,16.02347150226358,Low
2026-07-13 06:00:00,0.12533333333333332,1.0,0.19999999999999996,0.25,0.0,0.2401333333333333,0.5450666666666667,0.544094262348989,0.029724050916879383,17.665693248081418,Low
2026-07-13 07:00:00,0.16666666666666666,1.0,0.19999999999999996,0.25,0.0,0.25666666666666665,0.5533333333333333,0.5464040300950751,0.03190544199063493,19.903017426292234,Low
2026-07-13 08:00:00,0.21499999999999997,1.0,0.19999999999999996,0.25,0.0,0.27599999999999997,0.5630000000000001,0.5505530225713063,0.03456922428725232,22.6351018330793,Low
2026-07-13 09:00:00,0.26666666666666666,1.0,0.19999999999999996,0.25,0.0,0.29666666666666663,0.5733333333333334,0.556248100261813,0.03754211136683686,25.68421678649934,Moderate
2026-07-13 10:00:00,0.31833333333333336,1.0,0.19999999999999996,0.25,0.0,0.31733333333333336,0.5836666666666667,0.5631027418630264,0.04065226394423142,28.87411686587838,Moderate
2026-07-13 11:00:00,0.36666666666666664,1.0,0.19999999999999996,0.25,0.0,0.33666666666666667,0.5933333333333334,0.5706603897306032,0.04370783035011645,32.00803112832457,Moderate
2026-07-13 12:00:00,0.408,1.0,0.19999999999999996,0.25,0.0,0.35319999999999996,0.6016,0.5783952922979524,0.046475796922017365,34.84697120206909,Moderate
2026-07-13 13:00:00,0.44,1.0,0.19999999999999996,0.25,0.0,0.366,0.608,0.5857964692234643,0.04877634300989175,37.20650565117102,Moderate
2026-07-13 14:00:00,0.46,1.0,0.19999999999999996,0.25,0.0,0.374,0.612,0.5923473519175982,0.050399874437908845,38.87166609016292,Moderate
2026-07-13 15:00:00,0.4666666666666667,1.0,0.19999999999999996,0.25,0.0,0.37666666666666665,0.6133333333333334,0.597593847271532,0.051208812762443025,39.70134642301848,Moderate
2026-07-13 16:00:00,0.46,1.0,0.19999999999999996,0.25,0.0,0.374,0.612,0.601195385453649,0.051152709371323726,39.64380448340895,Moderate
2026-07-13 17:00:00,0.44,1.0,0.19999999999999996,0.25,0.0,0.366,0.608,0.6028965390902368,0.05020018032734856,38.6668516177934,Moderate
2026-07-13 18:00:00,0.408,1.0,0.19999999999999996,0.25,0.0,0.35319999999999996,0.6016,0.6025724043176776,0.04841850040413834,36.83948759398804,Moderate
2026-07-13 19:00:00,0.36666666666666664,1.0,0.19999999999999996,0.25,0.0,0.33666666666666667,0.5933333333333334,0.6002626365715915,0.045975115772745816,34.33345207461109,Moderate
2026-07-13 20:00:00,0.31833333333333336,1.0,0.19999999999999996,0.25,0.0,0.31733333333333336,0.5836666666666667,0.5961136440953603,0.043035431012724376,31.31839078228141,Moderate
2026-07-13 21:00:00,0.26666666666666666,1.0,0.19999999999999996,0.25,0.0,0.29666666666666663,0.5733333333333334,0.5904185664048536,0.03984833307760757,28.049572387289817,Moderate
2026-07-13 22:00:00,0.21499999999999997,1.0,0.19999999999999996,0.25,0.0,0.27599999999999997,0.5630000000000001,0.5835639248036402,0.03664197883842056,24.7610039368416,Low
2026-07-13 23:00:00,0.16666666666666666,1.0,0.19999999999999996,0.25,0.0,0.25666666666666665,0.5533333333333333,0.5760062769360634,0.0336339665207583,21.67586309821364,Low
2026-07-14 00:00:00,0.12533333333333332,1.0,0.19999999999999996,0.25,0.0,0.2401333333333333,0.5450666666666667,0.5682713743687142,0.03104485460555431,19.020363698004417,Low
2026-07-14 01:00:00,0.09333333333333335,1.0,0.19999999999999996,0.25,0.0,0.22733333333333333,0.5386666666666667,0.5608701974432023,0.029007271828100017,16.93053520830771,Low
2026-07-14 02:00:00,0.0733333333333333,1.0,0.19999999999999996,0.25,0.0,0.21933333333333332,0.5346666666666666,0.5543193147490684,0.027659609940453928,15.548317887645052,Low
2026-07-14 03:00:00,0.06666666666666667,1.0,0.19999999999999996,0.25,0.0,0.21666666666666667,0.5333333333333333,0.5490728193951346,0.027064714389351843,14.938168604463428,Low
2026-07-14 04:00:00,0.0733333333333333,1.0,0.19999999999999996,0.25,0.0,0.21933333333333332,0.5346666666666666,0.5454712812130176,0.027218107813727556,15.095495193566721,Low
2026-07-14 05:00:00,0.09333333333333335,1.0,0.19999999999999996,0.25,0.0,0.22733333333333333,0.5386666666666667,0.5437701275764298,0.02812288471470699,16.02347150226358,Low
2026-07-14 06:00:00,0.12533333333333332,1.0,0.19999999999999996,0.25,0.0,0.2401333333333333,0.5450666666666667,0.544094262348989,0.029724050916879383,17.665693248081418,Low
2026-07-14 07:00:00,0.16666666666666666,1.0,0.19999999999999996,0.25,0.0,0.25666666666666665,0.5533333333333333,0.5464040300950751,0.03190544199063493,19.903017426292234,Low
2026-07-14 08:00:00,0.21499999999999997,1.0,0.19999999999999996,0.25,0.0,0.27599999999999997,0.5630000000000001,0.5505530225713063,0.03456922428725232,22.6351018330793,Low
2026-07-14 09:00:00,0.26666666666666666,1.0,0.19999999999999996,0.25,0.0,0.29666666666666663,0.5733333333333334,0.556248100261813,0.03754211136683686,25.68421678649934,Moderate
2026-07-14 10:00:00,0.31833333333333336,1.0,0.19999999999999996,0.25,0.0,0.31733333333333336,0.5836666666666667,0.5631027418630264,0.04065226394423142,28.87411686587838,Moderate
2026-07-14 11:00:00,0.36666666666666664,1.0,0.19999999999999996,0.25,0.0,0.33666666666666667,0.5933333333333334,0.5706603897306032,0.04370783035011645,32.00803112832457,Moderate
2026-07-14 12:00:00,0.408,1.0,0.19999999999999996,0.25,0.0,0.35319999999999996,0.6016,0.5783952922979524,0.046475796922017365,34.84697120206909,Moderate
2026-07-14 13:00:00,0.44,1.0,0.19999999999999996,0.25,0.0,0.366,0.608,0.5857964692234643,0.04877634300989175,37.20650565117102,Moderate
2026-07-14 14:00:00,0.46,1.0,0.19999999999999996,0.25,0.0,0.374,0.612,0.5923473519175982,0.050399874437908845,38.87166609016292,Moderate
2026-07-14 15:00:00,0.4666666666666667,1.0,0.19999999999999996,0.25,0.0,0.37666666666666665,0.6133333333333334,0.597593847271532,0.051208812762443025,39.70134642301848,Moderate
2026-07-14 16:00:00,0.46,1.0,0.19999999999999996,0.25,0.0,0.374,0.612,0.601195385453649,0.051152709371323726,39.64380448340895,Moderate
2026-07-14 17:00:00,0.44,1.0,0.19999999999999996,0.25,0.0,0.366,0.608,0.6028965390902368,0.05020018032734856,38.6668516177934,Moderate
2026-07-14 18:00:00,0.408,1.0,0.19999999999999996,0.25,0.0,0.35319999999999996,0.6016,0.6025724043176776,0.04841850040413834,36.83948759398804,Moderate
2026-07-14 19:00:00,0.36666666666666664,1.0,0.19999999999999996,0.25,0.0,0.33666666666666667,0.5933333333333334,0.6002626365715915,0.045975115772745816,34.33345207461109,Moderate
2026-07-14 20:00:00,0.31833333333333336,1.0,0.19999999999999996,0.25,0.0,0.31733333333333336,0.5836666666666667,0.5961136440953603,0.043035431012724376,31.31839078228141,Moderate
2026-07-14 21:00:00,0.26666666666666666,1.0,0.19999999999999996,0.25,0.0,0.29666666666666663,0.5733333333333334,0.5904185664048536,0.03984833307760757,28.049572387289817,Moderate
2026-07-14 22:00:00,0.21499999999999997,1.0,0.19999999999999996,0.25,0.0,0.27599999999999997,0.5630000000000001,0.5835639248036402,0.03664197883842056,24.7610039368416,Low
2026-07-14 23:00:00,0.16666666666666666,1.0,0.19999999999999996,0.25,0.0,0.25666666666666665,0.5533333333333333,0.5760062769360634,0.0336339665207583,21.67586309821364,Low
